kind,source_segment,source_offset,source_linear,target_segment,target_offset,target_linear
near_jump,5915,32,94672,5915,39,94679
far_call,3106,22061,71757,5915,706,95346
near_jump,3106,22070,71766,3106,22098,71794
near_jump,3106,22091,71787,3106,22081,71777
far_call,3106,15332,65028,5915,706,95346
near_jump,3106,15343,65039,3106,15348,65044
near_jump,3106,15345,65041,3106,15641,65337
far_call,3106,24630,74326,5915,706,95346
near_jump,3106,24647,74343,3106,24672,74368
near_jump,3106,24655,74351,3106,24672,74368
near_jump,3106,24661,74357,3106,24672,74368
far_call,3106,3606,53302,5915,706,95346
near_jump,3106,3617,53313,3106,3626,53322
far_call,2065,14638,47678,5915,706,95346
near_jump,2065,14651,47691,2065,14668,47708
near_jump,2065,14657,47697,2065,14668,47708
far_call,2065,10486,43526,5915,706,95346
near_jump,2065,10497,43537,2065,10531,43571
near_jump,2065,10504,43544,2065,10531,43571
near_jump,2065,10518,43558,2065,10531,43571
near_jump,2065,10529,43569,2065,10540,43580
far_call,3106,9842,59538,5915,706,95346
far_call,3106,9857,59553,5915,5736,100376
far_call,3106,9869,59565,5915,5722,100362
far_call,3106,9885,59581,5915,5736,100376
far_call,3106,9901,59597,5915,5736,100376
far_call,3106,9917,59613,5915,5736,100376
far_call,3106,9933,59629,5915,5736,100376
far_call,3106,9945,59641,5915,5722,100362
far_call,3106,9960,59656,5915,5736,100376
far_call,3106,9976,59672,5915,5736,100376
far_call,3106,9988,59684,5915,5722,100362
far_call,3106,10004,59700,5915,5736,100376
far_call,3106,10020,59716,5915,5736,100376
far_call,3106,10036,59732,5915,5736,100376
near_jump,3106,10113,59809,3106,10120,59816
near_jump,3106,10118,59814,3106,10123,59819
far_call,3106,22930,72626,5915,706,95346
far_call,3106,22949,72645,5915,3700,98340
near_jump,3106,22961,72657,3106,22972,72668
near_jump,5915,5230,99870,5915,5237,99877
far_call,5782,16,92528,5915,706,95346
far_call,5782,22,92534,3106,1866,51562
near_jump,5782,96,92608,5782,125,92637
near_jump,5782,105,92617,5782,125,92637
near_jump,5782,114,92626,5782,125,92637
near_jump,5782,123,92635,5782,131,92643
far_call,5782,135,92647,5915,5750,100390
far_call,5782,146,92658,5915,6516,101156
far_call,5782,158,92670,3106,22490,72186
near_jump,5782,172,92684,5782,198,92710
far_call,5782,178,92690,5915,1528,96168
far_call,5782,190,92702,5915,471,95111
far_call,5782,202,92714,3106,22490,72186
near_jump,5782,216,92728,5782,242,92754
far_call,5782,222,92734,5915,1528,96168
far_call,5782,234,92746,5915,471,95111
near_jump,5782,247,92759,5782,290,92802
far_call,5782,249,92761,3106,3012,52708
near_jump,5782,269,92781,5782,266,92778
near_jump,5782,277,92789,5782,274,92786
near_jump,5782,285,92797,5782,282,92794
near_jump,5782,321,92833,5782,386,92898
near_jump,5782,350,92862,5782,355,92867
near_jump,5915,712,95352,5915,725,95365
near_jump,5915,718,95358,5915,725,95365
far_call,2065,14,33054,5915,706,95346
near_jump,2065,47,33087,2065,110,33150
near_jump,2065,108,33148,2065,232,33272
far_call,3106,3131,52827,5915,706,95346
near_jump,3106,3153,52849,3106,3175,52871
near_jump,3106,3170,52866,3106,3175,52871
near_jump,3106,3172,52868,3106,3458,53154
far_call,3106,3469,53165,5915,706,95346
far_call,3106,3497,53193,5915,5736,100376
far_call,3106,3508,53204,5915,5722,100362
far_call,3106,3536,53232,5915,5736,100376
far_call,3106,3551,53247,5915,5736,100376
far_call,3106,3562,53258,5915,5722,100362
far_call,3106,3590,53286,5915,5736,100376
far_call,3106,25672,75368,5915,706,95346
near_jump,3106,25684,75380,3106,25746,75442
far_call,3106,25694,75390,5915,5736,100376
far_call,3106,25710,75406,5915,5736,100376
near_jump,3106,25736,75432,3106,25744,75440
near_jump,3106,25742,75438,3106,25746,75442
far_call,3106,18494,68190,5915,706,95346
far_call,3106,18509,68205,5915,5722,100362
near_jump,3106,18519,68215,3106,18532,68228
near_jump,3106,18530,68226,3106,18505,68201
near_jump,3106,18537,68233,3106,18555,68251
far_call,3106,18547,68243,5915,5736,100376
far_call,3106,18565,68261,5915,5722,100362
near_jump,3106,18575,68271,3106,18588,68284
near_jump,3106,18586,68282,3106,18561,68257
near_jump,3106,18593,68289,3106,18611,68307
far_call,3106,18603,68299,5915,5736,100376
far_call,3106,18621,68317,5915,5722,100362
near_jump,3106,18631,68327,3106,18644,68340
near_jump,3106,18642,68338,3106,18617,68313
near_jump,3106,18649,68345,3106,18667,68363
far_call,3106,18659,68355,5915,5736,100376
far_call,3106,18677,68373,5915,5722,100362
near_jump,3106,18687,68383,3106,18700,68396
near_jump,3106,18698,68394,3106,18673,68369
near_jump,3106,18705,68401,3106,18723,68419
far_call,3106,18715,68411,5915,5736,100376
far_call,3106,18733,68429,5915,5722,100362
near_jump,3106,18743,68439,3106,18756,68452
near_jump,3106,18754,68450,3106,18729,68425
near_jump,3106,18761,68457,3106,18779,68475
far_call,3106,18771,68467,5915,5736,100376
far_call,3106,18789,68485,5915,5722,100362
near_jump,3106,18799,68495,3106,18812,68508
near_jump,3106,18810,68506,3106,18785,68481
near_jump,3106,18817,68513,3106,18835,68531
far_call,3106,18827,68523,5915,5736,100376
far_call,3106,2152,51848,5915,706,95346
near_jump,3106,2164,51860,3106,2173,51869
near_jump,3106,2171,51867,3106,2182,51878
near_jump,5915,6505,101145,5915,6514,101154
far_call,5915,6550,101190,5915,6772,101412
far_call,3106,15914,65610,5915,706,95346
near_jump,3106,15929,65625,3106,16010,65706
near_jump,3106,15936,65632,3106,15943,65639
near_jump,3106,15960,65656,3106,15996,65692
near_jump,3106,15967,65663,3106,15996,65692
near_jump,3106,16002,65698,3106,16010,65706
near_jump,3106,16014,65710,3106,16129,65825
far_call,3106,16024,65720,5915,5736,100376
far_call,3106,16040,65736,5915,5736,100376
far_call,3106,16056,65752,5915,5736,100376
far_call,3106,16064,65760,5915,6614,101254
far_call,3106,16081,65777,5915,6592,101232
far_call,3106,16089,65785,5915,6616,101256
near_jump,3106,16099,65795,3106,16129,65825
far_call,3106,16105,65801,5915,5722,100362
far_call,3106,16121,65817,5915,5736,100376
near_jump,3106,16134,65830,3106,16139,65835
near_jump,3106,16136,65832,3106,16354,66050
far_call,3106,32544,82240,5915,706,95346
near_jump,3106,32569,82265,3106,32554,82250
near_call,3106,32591,82287,3106,24624,74320
far_call,3106,32617,82313,5915,6618,101258
far_call,3106,32624,82320,5915,6822,101462
far_call,3106,32653,82349,5915,6618,101258
far_call,3106,32660,82356,5915,6822,101462
far_call,3106,32689,82385,5915,6618,101258
far_call,3106,32696,82392,5915,6822,101462
far_call,3106,32725,82421,5915,6618,101258
far_call,3106,32732,82428,5915,6822,101462
far_call,3106,32756,82452,5915,6618,101258
far_call,3106,32763,82459,5915,6822,101462
far_call,3106,32785,82481,5915,6822,101462
near_jump,3106,32805,82501,3106,32821,82517
near_jump,5915,6786,101426,5915,6797,101437
near_jump,5915,6631,101271,5915,6650,101290
near_jump,5915,6655,101295,5915,6674,101314
near_jump,5915,6676,101316,5915,6699,101339
near_jump,5915,6697,101337,5915,6755,101395
far_call,3106,22846,72542,5915,706,95346
far_call,3106,22915,72611,2065,14632,47672
far_call,3106,37056,86752,5915,706,95346
near_jump,3106,37081,86777,3106,37090,86786
near_jump,3106,37088,86784,3106,37095,86791
far_call,3106,19836,69532,5915,706,95346
near_call,3106,19866,69562,3106,15908,65604
near_jump,3106,19873,69569,3106,19886,69582
near_call,3106,19880,69576,3106,13912,63608
near_jump,3106,19890,69586,3106,19903,69599
near_call,3106,19897,69593,3106,13912,63608
near_call,3106,19904,69600,3106,15326,65022
near_jump,3106,19917,69613,3106,19932,69628
near_jump,3106,19929,69625,3106,19942,69638
far_call,3106,41756,91452,5915,706,95346
near_jump,3106,41767,91463,3106,41772,91468
near_jump,3106,41769,91465,3106,41905,91601
far_call,3106,21336,71032,5915,706,95346
near_call,3106,21369,71065,3106,22056,71752
near_call,3106,21380,71076,3106,3464,53160
near_call,3106,21387,71083,3106,15908,65604
near_call,3106,21395,71091,3106,13912,63608
near_call,3106,21402,71098,3106,15326,65022
far_call,3106,21413,71109,5915,5736,100376
far_call,3106,21428,71124,5915,5736,100376
far_call,3106,21444,71140,5915,5736,100376
near_jump,3106,21457,71153,3106,21464,71160
near_jump,3106,21462,71158,3106,21466,71162
far_call,3106,18842,68538,5915,706,95346
near_jump,3106,18854,68550,3106,18880,68576
near_jump,3106,18878,68574,3106,18903,68599
far_call,3106,10,49706,5915,706,95346
near_jump,3106,22,49718,3106,56,49752
near_jump,3106,54,49750,3106,29,49725
far_call,3106,68,49764,5915,3700,98340
near_jump,3106,80,49776,3106,85,49781
near_jump,3106,82,49778,3106,1749,51445
far_call,3106,28594,78290,5915,706,95346
far_call,3106,28613,78309,5915,3700,98340
near_jump,3106,28625,78321,3106,28636,78332
far_call,3106,13918,63614,5915,706,95346
near_jump,3106,13929,63625,3106,13940,63636
far_call,3106,31352,81048,5915,706,95346
far_call,3106,31388,81084,5915,6618,101258
far_call,3106,31395,81091,5915,6822,101462
far_call,3106,31425,81121,5915,6618,101258
far_call,3106,31432,81128,5915,6822,101462
far_call,3106,31462,81158,5915,6618,101258
far_call,3106,31469,81165,5915,6822,101462
far_call,3106,31498,81194,5915,6618,101258
far_call,3106,31505,81201,5915,6822,101462
far_call,3106,31534,81230,5915,6618,101258
far_call,3106,31541,81237,5915,6822,101462
far_call,3106,31570,81266,5915,6618,101258
far_call,3106,31577,81273,5915,6822,101462
far_call,3106,31601,81297,5915,6618,101258
far_call,3106,31608,81304,5915,6822,101462
far_call,3106,31630,81326,5915,6822,101462
near_jump,3106,31645,81341,3106,31661,81357
far_call,5915,5672,100312,5915,2280,96920
near_jump,5915,5686,100326,5915,5702,100342
near_jump,5915,5699,100339,5915,5714,100354
far_call,3106,32860,82556,5915,706,95346
near_jump,3106,32887,82583,3106,32872,82568
near_call,3106,32909,82605,3106,24624,74320
far_call,3106,32940,82636,5915,6994,101634
far_call,3106,32951,82647,5915,6618,101258
far_call,3106,32958,82654,5915,6822,101462
far_call,3106,32984,82680,5915,6618,101258
far_call,3106,32991,82687,5915,6822,101462
far_call,3106,33016,82712,5915,6618,101258
far_call,3106,33023,82719,5915,6822,101462
far_call,3106,33048,82744,5915,6618,101258
far_call,3106,33055,82751,5915,6822,101462
far_call,3106,33080,82776,5915,6618,101258
far_call,3106,33087,82783,5915,6822,101462
far_call,3106,33107,82803,5915,6618,101258
far_call,3106,33114,82810,5915,6822,101462
far_call,3106,33132,82828,5915,6822,101462
near_jump,3106,33152,82848,3106,33167,82863
far_call,3106,33880,83576,5915,706,95346
near_call,3106,33890,83586,3106,2146,51842
near_call,3106,33901,83597,3106,22056,71752
near_jump,3106,33912,83608,3106,33922,83618
near_jump,3106,33919,83615,3106,33927,83623
near_jump,5915,6834,101474,5915,6853,101493
near_jump,5915,6858,101498,5915,6876,101516
near_jump,5915,6878,101518,5915,6904,101544
near_jump,5915,6900,101540,5915,6969,101609
near_jump,5915,6902,101542,5915,6976,101616
far_call,3106,25126,74822,5915,706,95346
far_call,3106,25158,74854,5915,3700,98340
near_jump,3106,25170,74866,3106,25180,74876
far_call,3106,33210,82906,5915,706,95346
far_call,3106,33224,82920,5915,5150,99790
far_call,3106,33274,82970,5915,3700,98340
near_jump,3106,33286,82982,3106,33312,83008
near_call,3106,33293,82989,3106,2146,51842
far_call,3106,7874,57570,5915,706,95346
far_call,3106,7947,57643,5915,3700,98340
near_jump,3106,7959,57655,3106,7970,57666
far_call,3106,31686,81382,5915,706,95346
near_jump,3106,31697,81393,3106,31780,81476
near_jump,3106,31719,81415,3106,31704,81400
near_jump,3106,31741,81437,3106,31726,81422
near_call,3106,31767,81463,3106,24624,74320
near_jump,3106,31778,81474,3106,31860,81556
far_call,2065,9752,42792,5915,706,95346
near_jump,2065,9777,42817,2065,9782,42822
near_jump,2065,9779,42819,2065,9932,42972
far_call,3106,5426,55122,5915,706,95346
far_call,3106,5500,55196,5915,3700,98340
near_jump,3106,5512,55208,3106,5524,55220
far_call,3106,3017,52713,5915,706,95346
near_jump,3106,3053,52749,3106,3062,52758
far_call,3106,22659,72355,5915,706,95346
far_call,3106,22370,72066,5915,706,95346
near_jump,3106,22389,72085,3106,22394,72090
near_jump,3106,22391,72087,3106,22399,72095
far_call,3106,22535,72231,5915,706,95346
near_jump,3106,22552,72248,3106,22559,72255
far_call,3106,22684,72380,5915,706,95346
near_jump,3106,22697,72393,3106,22728,72424
near_jump,3106,22710,72406,3106,22728,72424
near_jump,3106,22715,72411,3106,22728,72424
near_jump,3106,22719,72415,3106,22728,72424
far_call,3106,22412,72108,5915,706,95346
near_jump,3106,22424,72120,3106,22442,72138
near_jump,3106,22433,72129,3106,22442,72138
far_call,3106,40906,90602,5915,706,95346
near_jump,3106,40931,90627,3106,41023,90719
near_call,5915,1540,96180,5915,1886,96526
far_call,5915,1559,96199,5915,2280,96920
near_call,5915,1575,96215,5915,2001,96641
near_call,5915,7042,101682,5915,6982,101622
near_jump,5915,3530,98170,5915,3538,98178
near_jump,5915,3536,98176,5915,3549,98189
near_jump,5915,4131,98771,5915,4139,98779
near_jump,5915,4137,98777,5915,4243,98883
near_jump,5915,3565,98205,5915,3572,98212
near_jump,5915,3570,98210,5915,3614,98254
near_jump,5915,3723,98363,5915,3741,98381
near_jump,5915,3728,98368,5915,3737,98377
near_jump,5915,3735,98375,5915,3741,98381
near_jump,5915,3752,98392,5915,3772,98412
near_jump,5915,3757,98397,5915,3768,98408
near_jump,5915,3763,98403,5915,3768,98408
near_jump,5915,3765,98405,5915,3927,98567
near_jump,5915,4365,99005,5915,4374,99014
near_jump,5915,4371,99011,5915,1463,96103
near_jump,5915,5182,99822,5915,5186,99826
near_jump,5915,7066,101706,5915,7089,101729
near_jump,5915,7087,101727,5915,7145,101785
near_jump,5915,5599,100239,5915,5609,100249
near_jump,5915,5607,100247,5915,5631,100271
near_jump,5915,5561,100201,5915,5586,100226
near_jump,5915,5569,100209,5915,5580,100220
near_call,5915,7013,101653,5915,6618,101258
near_jump,5915,476,95116,5915,504,95144
far_call,3106,22572,72268,5915,706,95346
near_jump,3106,22585,72281,3106,22640,72336
near_jump,3106,22619,72315,3106,22640,72336
near_jump,3106,22633,72329,3106,22640,72336
near_jump,3106,22638,72334,3106,22645,72341
far_call,3106,22244,71940,5915,706,95346
near_jump,3106,22262,71958,3106,22352,72048
near_jump,3106,22271,71967,3106,22352,72048
near_jump,3106,22280,71976,3106,22352,72048
near_jump,3106,22289,71985,3106,22352,72048
near_jump,3106,22297,71993,3106,22352,72048
near_jump,3106,22305,72001,3106,22352,72048
near_jump,3106,22309,72005,3106,22352,72048
near_jump,3106,22317,72013,3106,22352,72048
near_jump,3106,22329,72025,3106,22352,72048
near_jump,3106,22333,72029,3106,22352,72048
near_jump,3106,22344,72040,3106,22352,72048
near_jump,3106,22349,72045,3106,22357,72053
far_call,3106,22496,72192,5915,706,95346
near_jump,3106,22511,72207,3106,22522,72218
near_jump,5915,5785,100425,5915,5795,100435
near_jump,5915,5789,100429,5915,5795,100435
far_call,5915,5808,100448,5915,6222,100862
near_jump,5915,5820,100460,5915,5830,100470
far_call,3106,1872,51568,5915,706,95346
far_call,3106,1889,51585,5915,3700,98340
near_jump,3106,1901,51597,3106,1906,51602
near_jump,3106,1903,51599,3106,2142,51838
far_call,3106,25614,75310,5915,706,95346
near_jump,3106,25633,75329,3106,25648,75344
near_jump,3106,25639,75335,3106,25648,75344
near_jump,3106,25641,75337,3106,25659,75355
far_call,3106,4486,54182,5915,706,95346
far_call,3106,4505,54201,5915,3700,98340
near_jump,3106,4517,54213,3106,4522,54218
near_jump,3106,4519,54215,3106,5414,55110
near_jump,5915,1206,95846,5915,1222,95862
near_jump,5915,1214,95854,5915,1222,95862
near_jump,5915,1220,95860,5915,1216,95856
near_call,5915,1235,95875,5915,1404,96044
near_call,5915,1241,95881,5915,1404,96044
near_jump,5915,1259,95899,5915,1299,95939
near_jump,5915,1268,95908,5915,1286,95926
near_jump,5915,1284,95924,5915,1291,95931
near_jump,5915,1295,95935,5915,1291,95931
near_jump,5915,798,95438,5915,841,95481
near_jump,5915,824,95464,5915,821,95461
near_jump,5915,854,95494,5915,851,95491
near_jump,5915,858,95498,5915,851,95491
near_jump,5915,862,95502,5915,975,95615
near_jump,5915,866,95506,5915,975,95615
near_jump,5915,873,95513,5915,851,95491
near_jump,5915,877,95517,5915,851,95491
near_jump,5915,881,95521,5915,975,95615
near_jump,5915,885,95525,5915,975,95615
near_jump,5915,889,95529,5915,927,95567
near_jump,5915,893,95533,5915,898,95538
near_jump,5915,896,95536,5915,870,95510
near_jump,5915,303,94943,5915,351,94991
near_jump,5915,327,94967,5915,334,94974
near_jump,5915,331,94971,5915,700,95340
far_call,0,6,6,5915,706,95346
far_call,0,13,13,5782,10,92522
near_jump,0,22,22,0,27,27
near_jump,0,24,24,0,155,155
near_jump,5915,759,95399,5915,776,95416
near_call,5915,762,95402,5915,666,95306
near_call,5915,770,95410,5915,1349,95989
far_jump,5915,4692,99332,5915,4731,99371
near_call,5915,2287,96927,5915,706,95346
near_jump,5915,2312,96952,5915,2320,96960
near_jump,5915,2318,96958,5915,2326,96966
near_jump,5915,2323,96963,5915,3513,98153
near_jump,5915,2077,96717,5915,2088,96728
near_call,5915,2082,96722,5915,2188,96828
near_jump,5915,2085,96725,5915,2174,96814
near_jump,5915,4679,99319,5915,4688,99328
near_jump,5915,4742,99382,5915,4762,99402
near_call,5915,4747,99387,5915,4772,99412
near_jump,5915,4750,99390,5915,4767,99407
near_call,5915,4752,99392,5915,4896,99536
near_jump,5915,4755,99395,5915,4762,99402
near_call,5915,4757,99397,5915,4772,99412
near_jump,5915,4760,99400,5915,4767,99407
near_jump,5915,4765,99405,5915,4767,99407
near_jump,5915,5322,99962,5915,5362,100002
near_jump,5915,5354,99994,5915,5360,100000
near_jump,5915,5356,99996,5915,5362,100002
near_jump,5915,1603,96243,5915,1710,96350
near_jump,5915,1607,96247,5915,1710,96350
near_jump,5915,1616,96256,5915,1629,96269
near_jump,5915,1620,96260,5915,1710,96350
near_jump,5915,1653,96293,5915,1732,96372
near_jump,5915,1657,96297,5915,1689,96329
near_jump,5915,1662,96302,5915,1732,96372
near_jump,5915,1668,96308,5915,1682,96322
near_jump,5915,1674,96314,5915,1682,96322
near_jump,5915,1680,96320,5915,1719,96359
near_jump,5915,1687,96327,5915,1719,96359
near_call,5915,1699,96339,5915,4352,98992
near_jump,5915,1708,96348,5915,1773,96413
far_call,5915,6261,100901,5915,6772,101412
near_jump,5915,6291,100931,5915,6300,100940
near_jump,5915,6297,100937,5915,6300,100940
far_call,5915,6308,100948,5915,5834,100474
far_call,5915,6348,100988,5915,6772,101412
far_call,5915,6367,101007,5915,6772,101412
far_call,5915,6386,101026,5915,6772,101412
near_jump,5915,6441,101081,5915,6468,101108
far_call,5915,6447,101087,5915,6020,100660
near_jump,5915,6457,101097,5915,6468,101108
near_jump,5915,5290,99930,5915,5304,99944
near_jump,5915,5295,99935,5915,5300,99940
near_jump,5915,5370,100010,5915,5374,100014
near_jump,5915,5469,100109,5915,5545,100185
near_jump,5915,5475,100115,5915,5545,100185
far_call,5915,5480,100120,5915,5244,99884
near_jump,5915,5490,100130,5915,5540,100180
far_call,5915,5858,100498,5915,5458,100098
near_jump,5915,5870,100510,5915,5875,100515
near_jump,5915,5872,100512,5915,6016,100656
near_jump,5915,6035,100675,5915,6040,100680
near_jump,5915,6037,100677,5915,6213,100853
near_jump,5915,5839,100479,5915,5850,100490
far_call,5915,5841,100481,5915,5852,100492
near_jump,5915,52,94692,5915,57,94697
near_jump,5915,65,94705,5915,85,94725
near_call,5915,70,94710,5915,666,95306
near_call,5915,77,94717,5915,1349,95989
near_jump,5915,175,94815,5915,179,94819
far_call,5915,179,94819,5915,1180,95820
far_call,5915,184,94824,5915,778,95418
far_call,5915,191,94831,5915,274,94914
far_call,5915,210,94850,0,0,0
near_call,5915,217,94857,5915,471,95111
near_jump,3106,22102,71798,3106,22138,71834
near_jump,3106,22132,71828,3106,22116,71812
near_jump,3106,15353,65049,3106,15381,65077
near_jump,3106,15739,65435,3106,15818,65514
near_jump,3106,15746,65442,3106,15753,65449
near_jump,3106,15770,65466,3106,15804,65500
near_jump,3106,15777,65473,3106,15804,65500
near_jump,3106,15810,65506,3106,15818,65514
near_jump,3106,15822,65518,3106,15902,65598
far_call,3106,15832,65528,5915,5736,100376
far_call,3106,15848,65544,5915,5736,100376
far_call,3106,15864,65560,5915,5736,100376
far_call,3106,15872,65568,5915,6614,101254
far_call,3106,15889,65585,5915,6592,101232
far_call,3106,15897,65593,5915,6616,101256
far_call,3106,24680,74376,5915,5736,100376
near_jump,3106,24693,74389,3106,24706,74402
near_jump,3106,24704,74400,3106,24712,74408
near_jump,3106,3631,53327,3106,3639,53335
near_jump,3106,3645,53341,3106,3653,53349
near_jump,3106,3674,53370,3106,3718,53414
far_call,3106,3708,53404,2065,14632,47672
near_jump,3106,3716,53412,3106,3765,53461
near_jump,2065,14678,47718,2065,14683,47723
near_jump,2065,14680,47720,2065,14834,47874
near_jump,2065,10545,43585,2065,10554,43594
near_jump,2065,10552,43592,2065,10573,43613
near_call,3106,10125,59821,3106,13912,63608
near_jump,3106,10172,59868,3106,10206,59902
near_jump,3106,10204,59900,3106,10179,59875
far_call,3106,10219,59915,5915,5736,100376
far_call,3106,10234,59930,5915,5736,100376
far_call,3106,10250,59946,5915,5736,100376
far_call,3106,10266,59962,5915,5736,100376
near_jump,3106,10286,59982,3106,10283,59979
near_jump,3106,10291,59987,3106,10288,59984
near_call,3106,10300,59996,3106,15326,65022
near_jump,3106,10308,60004,3106,10327,60023
near_call,3106,10315,60011,3106,2146,51842
near_jump,3106,10351,60047,3106,10332,60028
near_jump,3106,10401,60097,3106,13147,62843
near_jump,3106,22981,72677,3106,23008,72704
far_call,3106,22995,72691,5915,3552,98192
near_jump,3106,23012,72708,3106,23034,72730
far_call,3106,23026,72722,5915,3552,98192
far_call,3106,23050,72746,5915,4118,98758
near_jump,3106,23083,72779,3106,23063,72759
near_jump,3106,23093,72789,3106,23098,72794
near_jump,3106,23095,72791,3106,22963,72659
near_jump,5782,448,92960,5782,419,92931
far_call,5782,454,92966,3106,22490,72186
near_jump,5782,468,92980,5782,494,93006
far_call,5782,474,92986,5915,1528,96168
far_call,5782,486,92998,5915,471,95111
far_call,5782,530,93042,3106,22490,72186
near_jump,5782,544,93056,5782,549,93061
near_jump,5782,546,93058,5782,729,93241
near_jump,5782,359,92871,5782,450,92962
near_jump,5782,383,92895,5782,352,92864
near_jump,5915,731,95371,5915,738,95378
near_jump,5915,735,95375,5915,237,94877
near_jump,2065,324,33364,2065,2769,35809
far_call,3106,3217,52913,5915,6772,101412
far_call,3106,3278,52974,5915,6772,101412
near_jump,3106,3289,52985,3106,3294,52990
near_jump,3106,3291,52987,3106,3458,53154
far_call,3106,25762,75458,2065,14632,47672
far_call,3106,25789,75485,2065,14632,47672
far_call,3106,25823,75519,2065,14632,47672
near_jump,3106,25840,75536,3106,25802,75498
near_call,3106,25887,75583,3106,24624,74320
near_call,3106,25933,75629,3106,24624,74320
near_call,3106,25984,75680,3106,24624,74320
near_call,3106,26015,75711,3106,24624,74320
near_call,3106,26036,75732,3106,24624,74320
near_call,3106,26057,75753,3106,24624,74320
near_call,3106,26103,75799,3106,24624,74320
near_call,3106,26159,75855,3106,24624,74320
near_jump,3106,26170,75866,3106,26223,75919
near_jump,3106,26195,75891,3106,26177,75873
near_call,3106,26217,75913,3106,24624,74320
far_call,3106,26251,75947,2065,14632,47672
far_call,3106,26284,75980,2065,14632,47672
far_call,3106,26314,76010,2065,14632,47672
far_call,3106,26344,76040,2065,14632,47672
far_call,3106,26377,76073,2065,14632,47672
far_call,3106,26410,76106,2065,14632,47672
far_call,3106,26449,76145,2065,14632,47672
far_call,3106,26482,76178,2065,14632,47672
near_call,3106,26497,76193,3106,3600,53296
near_call,3106,26507,76203,3106,3600,53296
near_call,3106,26519,76215,3106,32538,82234
near_call,3106,26534,76230,3106,32854,82550
near_jump,3106,26576,76272,3106,26583,76279
near_call,3106,26598,76294,3106,24624,74320
near_jump,3106,26608,76304,3106,26670,76366
far_call,3106,26632,76328,2065,14632,47672
far_call,3106,26662,76358,2065,14632,47672
near_call,3106,26695,76391,3106,24624,74320
near_call,3106,26729,76425,3106,24624,74320
near_call,3106,26760,76456,3106,24624,74320
near_call,3106,26794,76490,3106,24624,74320
near_call,3106,26825,76521,3106,24624,74320
near_call,3106,26859,76555,3106,24624,74320
near_call,3106,26890,76586,3106,24624,74320
near_call,3106,26924,76620,3106,24624,74320
near_call,3106,26955,76651,3106,24624,74320
near_call,3106,26989,76685,3106,24624,74320
near_jump,3106,27006,76702,3106,27129,76825
near_jump,3106,27008,76704,3106,27016,76712
near_jump,3106,27014,76710,3106,27129,76825
far_call,3106,27041,76737,2065,14632,47672
near_jump,3106,27065,76761,3106,27129,76825
near_jump,3106,27067,76763,3106,27075,76771
near_jump,3106,27073,76769,3106,27129,76825
near_jump,3106,27093,76789,3106,27129,76825
near_jump,3106,27098,76794,3106,27129,76825
far_call,3106,27122,76818,2065,14632,47672
near_jump,3106,27140,76836,3106,27262,76958
near_jump,3106,27142,76838,3106,27150,76846
near_jump,3106,27148,76844,3106,27262,76958
far_call,3106,27175,76871,2065,14632,47672
near_jump,3106,27199,76895,3106,27262,76958
near_jump,3106,27201,76897,3106,27209,76905
near_jump,3106,27207,76903,3106,27262,76958
near_jump,3106,27227,76923,3106,27262,76958
near_jump,3106,27231,76927,3106,27262,76958
far_call,3106,27255,76951,2065,14632,47672
near_jump,3106,27273,76969,3106,27278,76974
near_jump,3106,27275,76971,3106,27635,77331
near_jump,3106,2189,51885,3106,2198,51894
near_jump,3106,2196,51892,3106,2264,51960
far_call,3106,2210,51906,5915,3700,98340
near_jump,3106,2222,51918,3106,2173,51869
far_call,3106,2235,51931,5915,4118,98758
near_jump,3106,2249,51945,3106,2283,51979
far_call,3106,2254,51950,5915,3520,98160
near_jump,3106,2262,51958,3106,2173,51869
near_jump,3106,16144,65840,3106,16287,65983
near_jump,3106,16359,66055,3106,16420,66116
near_jump,3106,16366,66062,3106,16412,66108
near_jump,3106,32829,82525,3106,32808,82504
near_call,3106,32846,82542,3106,24624,74320
near_jump,5915,6720,101360,5915,6710,101350
near_jump,5915,6737,101377,5915,6751,101391
near_jump,5915,6742,101382,5915,6751,101391
near_jump,5915,6744,101384,5915,6752,101392
near_jump,5915,6749,101389,5915,6752,101392
near_jump,5915,6756,101396,5915,6765,101405
near_call,3106,37100,86796,3106,2146,51842
near_jump,3106,37111,86807,3106,37181,86877
near_jump,3106,37119,86815,3106,37181,86877
near_jump,3106,37126,86822,3106,37181,86877
near_call,3106,37164,86860,3106,42752,92448
near_call,3106,37175,86871,3106,3464,53160
near_jump,3106,37186,86882,3106,37253,86949
near_jump,3106,37194,86890,3106,37253,86949
near_jump,3106,37201,86897,3106,37253,86949
near_call,3106,37236,86932,3106,42752,92448
near_call,3106,37247,86943,3106,3464,53160
near_call,3106,37266,86962,3106,35738,85434
near_jump,3106,37277,86973,3106,37284,86980
near_jump,3106,37282,86978,3106,37287,86983
near_jump,3106,19948,69644,3106,19990,69686
near_jump,3106,19955,69651,3106,19960,69656
near_jump,3106,19957,69653,3106,21180,70876
near_jump,3106,41777,91473,3106,41797,91493
near_jump,3106,41784,91480,3106,41797,91493
near_call,3106,41791,91487,3106,40900,90596
near_jump,3106,41802,91498,3106,41830,91526
near_jump,3106,41809,91505,3106,41830,91526
near_call,3106,41822,91518,3106,22406,72102
near_jump,3106,41828,91524,3106,41905,91601
near_jump,3106,41916,91612,3106,42047,91743
far_call,3106,21471,71167,5915,5736,100376
far_call,3106,21487,71183,5915,5736,100376
far_call,3106,21503,71199,5915,5736,100376
near_call,3106,21531,71227,3106,22056,71752
near_jump,3106,21560,71256,3106,21602,71298
near_jump,3106,21567,71263,3106,21572,71268
near_jump,3106,21569,71265,3106,21902,71598
near_jump,3106,18912,68608,3106,18936,68632
near_jump,3106,18934,68630,3106,18959,68655
far_call,3106,104,49800,5915,4118,98758
near_jump,3106,130,49826,3106,153,49849
near_jump,3106,28641,78337,3106,28717,78413
near_jump,3106,28648,78344,3106,28661,78357
near_call,3106,28655,78351,3106,40900,90596
near_jump,3106,28676,78372,3106,28689,78385
near_call,3106,28683,78379,3106,40900,90596
near_jump,3106,28704,78400,3106,28717,78413
near_call,3106,28711,78407,3106,40900,90596
far_call,3106,28745,78441,5915,3552,98192
far_call,3106,28764,78460,5915,4118,98758
near_jump,3106,28812,78508,3106,28777,78473
near_jump,3106,28820,78516,3106,28835,78531
near_jump,3106,13945,63641,3106,13950,63646
near_jump,3106,13947,63643,3106,14229,63925
near_jump,3106,31669,81365,3106,31648,81344
far_call,5915,5706,100346,5915,1590,96230
near_jump,3106,33175,82871,3106,33154,82850
near_call,3106,33192,82888,3106,24624,74320
near_call,3106,33945,83641,3106,35738,85434
near_jump,3106,33956,83652,3106,33961,83657
near_jump,3106,33958,83654,3106,34108,83804
near_jump,5915,6925,101565,5915,6915,101555
near_jump,5915,6940,101580,5915,6954,101594
near_jump,5915,6945,101585,5915,6954,101594
near_jump,5915,6947,101587,5915,6960,101600
near_jump,5915,6952,101592,5915,6960,101600
near_jump,5915,6967,101607,5915,6976,101616
near_jump,3106,25185,74881,3106,25233,74929
near_jump,3106,25192,74888,3106,25205,74901
near_call,3106,25199,74895,3106,40900,90596
near_jump,3106,25220,74916,3106,25233,74929
near_call,3106,25227,74923,3106,40900,90596
far_call,3106,25245,74941,5915,4118,98758
far_call,3106,25272,74968,5915,3552,98192
far_call,3106,25291,74987,5915,4118,98758
near_jump,3106,25313,75009,3106,25322,75018
near_jump,3106,25320,75016,3106,25327,75023
far_call,3106,33425,83121,5915,4352,98992
far_call,3106,33440,83136,5915,5736,100376
far_call,3106,33457,83153,5915,5722,100362
near_jump,3106,33484,83180,3106,33453,83149
near_jump,3106,33527,83223,3106,33491,83187
far_call,3106,33540,83236,5915,4352,98992
near_jump,3106,33551,83247,3106,33568,83264
far_call,3106,33556,83252,5915,3520,98160
near_jump,3106,33564,83260,3106,33288,82984
far_call,3106,7981,57677,5915,4352,98992
far_call,3106,8000,57696,5915,4352,98992
far_call,3106,8019,57715,5915,4352,98992
far_call,3106,8038,57734,5915,4352,98992
far_call,3106,8057,57753,5915,4352,98992
near_jump,3106,8096,57792,3106,8070,57766
far_call,3106,8175,57871,5915,4352,98992
far_call,3106,8194,57890,5915,4352,98992
far_call,3106,8213,57909,5915,4352,98992
far_call,3106,8232,57928,5915,4352,98992
far_call,3106,8251,57947,5915,4352,98992
far_call,3106,8270,57966,5915,4352,98992
far_call,3106,8289,57985,5915,4352,98992
far_call,3106,8308,58004,5915,4352,98992
far_call,3106,8327,58023,5915,4352,98992
far_call,3106,8346,58042,5915,4352,98992
far_call,3106,8365,58061,5915,4352,98992
far_call,3106,8384,58080,5915,4352,98992
far_call,3106,8403,58099,5915,4352,98992
far_call,3106,8422,58118,5915,4352,98992
far_call,3106,8441,58137,5915,4352,98992
far_call,3106,8460,58156,5915,4352,98992
far_call,3106,8479,58175,5915,4352,98992
far_call,3106,8498,58194,5915,4352,98992
far_call,3106,8517,58213,5915,4352,98992
far_call,3106,8536,58232,5915,4352,98992
far_call,3106,8555,58251,5915,4352,98992
far_call,3106,8574,58270,5915,4352,98992
far_call,3106,8593,58289,5915,4352,98992
far_call,3106,8612,58308,5915,4352,98992
far_call,3106,8631,58327,5915,4352,98992
far_call,3106,8650,58346,5915,4352,98992
far_call,3106,8669,58365,5915,4352,98992
far_call,3106,8688,58384,5915,4352,98992
far_call,3106,8707,58403,5915,4352,98992
far_call,3106,8726,58422,5915,4352,98992
far_call,3106,8745,58441,5915,4352,98992
far_call,3106,8764,58460,5915,4352,98992
far_call,3106,8783,58479,5915,4352,98992
far_call,3106,8802,58498,5915,4352,98992
far_call,3106,8821,58517,5915,4352,98992
far_call,3106,8840,58536,5915,4352,98992
far_call,3106,8859,58555,5915,4352,98992
far_call,3106,8878,58574,5915,4352,98992
far_call,3106,8897,58593,5915,4352,98992
far_call,3106,8916,58612,5915,4352,98992
far_call,3106,8935,58631,5915,4352,98992
far_call,3106,8956,58652,5915,4352,98992
far_call,3106,8977,58673,5915,4352,98992
far_call,3106,8998,58694,5915,4352,98992
far_call,3106,9019,58715,5915,4352,98992
far_call,3106,9042,58738,5915,4352,98992
far_call,3106,9061,58757,5915,4352,98992
far_call,3106,9080,58776,5915,4352,98992
far_call,3106,9101,58797,5915,4352,98992
far_call,3106,9122,58818,5915,4352,98992
far_call,3106,9143,58839,5915,4352,98992
far_call,3106,9164,58860,5915,4352,98992
far_call,3106,9185,58881,5915,4352,98992
far_call,3106,9206,58902,5915,4352,98992
far_call,3106,9227,58923,5915,4352,98992
far_call,3106,9248,58944,5915,4352,98992
far_call,3106,9267,58963,5915,4352,98992
far_call,3106,9286,58982,5915,4352,98992
far_call,3106,9305,59001,5915,4352,98992
far_call,3106,9324,59020,5915,4352,98992
far_call,3106,9343,59039,5915,4352,98992
far_call,3106,9362,59058,5915,4352,98992
far_call,3106,9382,59078,5915,4352,98992
far_call,3106,9402,59098,5915,4352,98992
far_call,3106,9421,59117,5915,4352,98992
far_call,3106,9440,59136,5915,4352,98992
far_call,3106,9459,59155,5915,4352,98992
far_call,3106,9478,59174,5915,4352,98992
far_call,3106,9497,59193,5915,4352,98992
far_call,3106,9516,59212,5915,4352,98992
far_call,3106,9535,59231,5915,4352,98992
far_call,3106,9554,59250,5915,4352,98992
far_call,3106,9573,59269,5915,4352,98992
far_call,3106,9592,59288,5915,4352,98992
far_call,3106,9611,59307,5915,4352,98992
far_call,3106,9630,59326,5915,4352,98992
far_call,3106,9649,59345,5915,4352,98992
far_call,3106,9668,59364,5915,4352,98992
far_call,3106,9687,59383,5915,4352,98992
far_call,3106,9706,59402,5915,4352,98992
far_call,3106,9725,59421,5915,4352,98992
far_call,3106,9744,59440,5915,4352,98992
far_call,3106,9763,59459,5915,4352,98992
far_call,3106,9782,59478,5915,4352,98992
far_call,3106,9801,59497,5915,4352,98992
far_call,3106,9812,59508,5915,3520,98160
near_call,3106,9825,59521,3106,2146,51842
near_jump,3106,31803,81499,3106,31785,81481
near_jump,3106,31815,81511,3106,31825,81521
far_call,3106,31872,81568,5915,5632,100272
far_call,3106,31898,81594,5915,5244,99884
near_call,3106,31917,81613,3106,24624,74320
far_call,3106,31923,81619,5915,6614,101254
far_call,3106,31940,81636,5915,6592,101232
far_call,3106,31948,81644,5915,6616,101256
near_jump,3106,31953,81649,3106,31964,81660
near_jump,2065,9787,42827,2065,9809,42849
near_jump,2065,9794,42834,2065,9809,42849
far_call,2065,9801,42841,3106,40900,90596
near_jump,2065,9814,42854,2065,9850,42890
near_jump,2065,9830,42870,2065,9850,42890
far_call,2065,9840,42880,3106,22406,72102
near_jump,2065,9848,42888,2065,9932,42972
near_jump,2065,9971,43011,2065,10100,43140
near_jump,2065,9978,43018,2065,9985,43025
near_call,3106,5525,55221,3106,15908,65604
far_call,3106,5539,55235,5915,4118,98758
far_call,3106,5558,55254,5915,4118,98758
far_call,3106,5577,55273,5915,4118,98758
near_jump,3106,5592,55288,3106,5600,55296
near_call,3106,5665,55361,3106,13912,63608
near_call,3106,5672,55368,3106,15326,65022
far_call,3106,5686,55382,5915,4118,98758
far_call,3106,5705,55401,5915,4118,98758
far_call,3106,5724,55420,5915,4118,98758
far_call,3106,5743,55439,5915,4118,98758
far_call,3106,5762,55458,5915,4118,98758
far_call,3106,5781,55477,5915,4118,98758
far_call,3106,5800,55496,5915,4118,98758
far_call,3106,5819,55515,5915,4118,98758
far_call,3106,5838,55534,5915,4118,98758
far_call,3106,5857,55553,5915,4118,98758
far_call,3106,5876,55572,5915,4118,98758
far_call,3106,5895,55591,5915,4118,98758
far_call,3106,5914,55610,5915,4118,98758
far_call,3106,5933,55629,5915,4118,98758
far_call,3106,5952,55648,5915,4118,98758
far_call,3106,5971,55667,5915,4118,98758
far_call,3106,5990,55686,5915,4118,98758
far_call,3106,6009,55705,5915,4118,98758
far_call,3106,6028,55724,5915,4118,98758
far_call,3106,6047,55743,5915,4118,98758
far_call,3106,6066,55762,5915,4118,98758
far_call,3106,6085,55781,5915,4118,98758
far_call,3106,6104,55800,5915,4118,98758
far_call,3106,6123,55819,5915,4118,98758
far_call,3106,6142,55838,5915,4118,98758
far_call,3106,6161,55857,5915,4118,98758
far_call,3106,6180,55876,5915,4118,98758
far_call,3106,6199,55895,5915,4118,98758
far_call,3106,6218,55914,5915,4118,98758
far_call,3106,6237,55933,5915,4118,98758
far_call,3106,6256,55952,5915,4118,98758
far_call,3106,6275,55971,5915,4118,98758
far_call,3106,6294,55990,5915,4118,98758
far_call,3106,6313,56009,5915,4118,98758
far_call,3106,6332,56028,5915,4118,98758
far_call,3106,6351,56047,5915,4118,98758
far_call,3106,6370,56066,5915,4118,98758
far_call,3106,6389,56085,5915,4118,98758
far_call,3106,6408,56104,5915,4118,98758
far_call,3106,6427,56123,5915,4118,98758
far_call,3106,6446,56142,5915,4118,98758
far_call,3106,6465,56161,5915,4118,98758
far_call,3106,6484,56180,5915,4118,98758
far_call,3106,6505,56201,5915,4118,98758
far_call,3106,6526,56222,5915,4118,98758
far_call,3106,6547,56243,5915,4118,98758
far_call,3106,6568,56264,5915,4118,98758
far_call,3106,6591,56287,5915,4118,98758
far_call,3106,6610,56306,5915,4118,98758
far_call,3106,6629,56325,5915,4118,98758
far_call,3106,6650,56346,5915,4118,98758
far_call,3106,6671,56367,5915,4118,98758
far_call,3106,6692,56388,5915,4118,98758
far_call,3106,6713,56409,5915,4118,98758
far_call,3106,6734,56430,5915,4118,98758
far_call,3106,6755,56451,5915,4118,98758
far_call,3106,6776,56472,5915,4118,98758
far_call,3106,6797,56493,5915,4118,98758
far_call,3106,6816,56512,5915,4118,98758
far_call,3106,6835,56531,5915,4118,98758
far_call,3106,6854,56550,5915,4118,98758
far_call,3106,6873,56569,5915,4118,98758
far_call,3106,6892,56588,5915,4118,98758
far_call,3106,6911,56607,5915,4118,98758
far_call,3106,6931,56627,5915,4118,98758
far_call,3106,6951,56647,5915,4118,98758
far_call,3106,6970,56666,5915,4118,98758
near_jump,3106,6997,56693,3106,7036,56732
near_jump,3106,7034,56730,3106,7004,56700
far_call,3106,7047,56743,5915,4118,98758
far_call,3106,7066,56762,5915,4118,98758
far_call,3106,7085,56781,5915,4118,98758
far_call,3106,7104,56800,5915,4118,98758
far_call,3106,7123,56819,5915,4118,98758
far_call,3106,7142,56838,5915,4118,98758
far_call,3106,7161,56857,5915,4118,98758
far_call,3106,7180,56876,5915,4118,98758
far_call,3106,7199,56895,5915,4118,98758
far_call,3106,7218,56914,5915,4118,98758
far_call,3106,7237,56933,5915,4118,98758
far_call,3106,7256,56952,5915,4118,98758
far_call,3106,7275,56971,5915,4118,98758
far_call,3106,7294,56990,5915,4118,98758
far_call,3106,7313,57009,5915,4118,98758
far_call,3106,7332,57028,5915,4118,98758
far_call,3106,7351,57047,5915,4118,98758
far_call,3106,7370,57066,5915,4118,98758
far_call,3106,7389,57085,5915,4118,98758
far_call,3106,7408,57104,5915,4118,98758
far_call,3106,7419,57115,5915,3520,98160
near_jump,3106,7431,57127,3106,7439,57135
near_jump,3106,7437,57133,3106,7465,57161
near_jump,3106,7444,57140,3106,7465,57161
near_call,3106,7447,57143,3106,15908,65604
near_call,3106,7455,57151,3106,13912,63608
near_call,3106,7462,57158,3106,15326,65022
near_call,3106,7480,57176,3106,41750,91446
near_call,3106,7501,57197,3106,41750,91446
near_jump,3106,7522,57218,3106,7580,57276
near_jump,3106,7529,57225,3106,7549,57245
near_jump,3106,7536,57232,3106,7549,57245
near_call,3106,7543,57239,3106,40900,90596
near_jump,3106,7554,57250,3106,7580,57276
near_jump,3106,7561,57257,3106,7580,57276
near_call,3106,7574,57270,3106,22406,72102
near_jump,3106,7642,57338,3106,7719,57415
near_jump,3106,7649,57345,3106,7719,57415
near_jump,3106,7656,57352,3106,7719,57415
near_call,3106,7713,57409,3106,22678,72374
near_jump,3106,7724,57420,3106,7744,57440
near_jump,3106,7732,57428,3106,7744,57440
near_jump,3106,7749,57445,3106,7769,57465
near_jump,3106,7757,57453,3106,7769,57465
near_jump,3106,7783,57479,3106,7808,57504
near_jump,3106,7797,57493,3106,7836,57532
near_jump,3106,7805,57501,3106,7836,57532
near_jump,3106,22824,72520,3106,22831,72527
near_jump,3106,22475,72171,3106,22482,72178
near_jump,3106,41028,90724,3106,40934,90630
far_call,3106,41098,90794,5915,3700,98340
near_jump,3106,41110,90806,3106,41115,90811
near_jump,3106,41112,90808,3106,41744,91440
near_jump,5915,1901,96541,5915,1921,96561
near_jump,5915,1910,96550,5915,1921,96561
near_jump,5915,1919,96559,5915,1995,96635
near_jump,5915,1935,96575,5915,1995,96635
near_jump,5915,1940,96580,5915,1995,96635
near_jump,5915,1946,96586,5915,1975,96615
near_jump,5915,1973,96613,5915,1997,96637
near_jump,5915,2022,96662,5915,2060,96700
near_jump,5915,2034,96674,5915,2060,96700
near_call,5915,2038,96678,5915,2064,96704
near_jump,5915,2046,96686,5915,2060,96700
near_jump,5915,6984,101624,5915,6992,101632
near_jump,5915,3542,98182,5915,3549,98189
near_jump,5915,3549,98189,5915,1442,96082
near_jump,5915,4144,98784,5915,4243,98883
near_jump,5915,4151,98791,5915,4243,98883
near_jump,5915,4159,98799,5915,4165,98805
near_jump,5915,4175,98815,5915,4181,98821
near_jump,5915,4179,98819,5915,4243,98883
near_jump,5915,4243,98883,5915,1463,96103
near_jump,5915,3577,98217,5915,3651,98291
near_jump,5915,3583,98223,5915,3611,98251
near_jump,5915,3594,98234,5915,3671,98311
near_jump,5915,3601,98241,5915,3617,98257
near_jump,5915,3609,98249,5915,3651,98291
near_jump,5915,3615,98255,5915,3671,98311
near_jump,5915,3781,98421,5915,3792,98432
near_jump,5915,3790,98430,5915,3768,98408
near_jump,5915,3769,98409,5915,1463,96103
near_call,5915,3934,98574,5915,4101,98741
near_jump,5915,3944,98584,5915,3953,98593
near_jump,5915,3951,98591,5915,3956,98596
near_jump,5915,3963,98603,5915,3968,98608
near_jump,5915,3965,98605,5915,1463,96103
near_jump,5915,4380,99020,5915,4386,99026
near_jump,5915,4391,99031,5915,4404,99044
near_jump,5915,4402,99042,5915,4371,99011
near_jump,5915,4409,99049,5915,4523,99163
near_jump,5915,4437,99077,5915,4497,99137
near_jump,5915,4443,99083,5915,4521,99161
far_call,5915,4445,99085,5915,4672,99312
near_jump,5915,4453,99093,5915,4525,99165
near_jump,5915,4466,99106,5915,4471,99111
near_jump,5915,4485,99125,5915,4499,99139
near_jump,5915,4489,99129,5915,4516,99156
near_call,5915,4494,99134,5915,4532,99172
near_jump,5915,4497,99137,5915,4606,99246
near_jump,5915,1463,96103,5915,1472,96112
near_call,5915,1465,96105,5915,1482,96122
near_jump,5915,7110,101750,5915,7100,101740
near_jump,5915,7127,101767,5915,7141,101781
near_jump,5915,7132,101772,5915,7141,101781
near_jump,5915,7134,101774,5915,7142,101782
near_jump,5915,7139,101779,5915,7142,101782
near_jump,5915,5615,100255,5915,5626,100266
near_jump,5915,507,95147,5915,539,95179
near_call,5915,515,95155,5915,647,95287
near_call,5915,524,95164,5915,647,95287
near_jump,5915,533,95173,5915,539,95179
near_call,5915,545,95185,5915,647,95287
near_call,5915,554,95194,5915,647,95287
far_call,5915,557,95197,5915,742,95382
near_jump,5915,564,95204,5915,583,95223
near_jump,5915,570,95210,5915,583,95223
near_jump,5915,576,95216,5915,583,95223
near_call,5915,583,95223,5915,602,95242
near_jump,5915,589,95229,5915,598,95238
far_call,3106,1917,51613,5915,4118,98758
far_call,3106,1936,51632,5915,4118,98758
far_call,3106,1955,51651,5915,4118,98758
far_call,3106,1974,51670,5915,4118,98758
far_call,3106,1993,51689,5915,4118,98758
far_call,3106,2012,51708,5915,4118,98758
far_call,3106,2031,51727,5915,4118,98758
far_call,3106,2050,51746,5915,4118,98758
far_call,3106,2069,51765,5915,4118,98758
far_call,3106,2088,51784,5915,4118,98758
far_call,3106,2107,51803,5915,4118,98758
far_call,3106,2126,51822,5915,4118,98758
far_call,3106,2137,51833,5915,3520,98160
far_call,3106,4543,54239,5915,4118,98758
far_call,3106,4562,54258,5915,4118,98758
near_jump,3106,4639,54335,3106,4646,54342
near_jump,3106,4654,54350,3106,4587,54283
near_jump,3106,4699,54395,3106,4705,54401
far_call,5915,1416,96056,5915,4692,99332
near_jump,5915,1431,96071,5915,1436,96076
near_jump,5915,1018,95658,5915,1014,95654
near_jump,5915,1028,95668,5915,1033,95673
near_jump,5915,930,95570,5915,975,95615
near_jump,5915,934,95574,5915,975,95615
near_jump,5915,938,95578,5915,870,95510
near_jump,5915,942,95582,5915,947,95587
near_jump,5915,945,95585,5915,927,95567
near_jump,5915,904,95544,5915,900,95540
near_jump,5915,908,95548,5915,914,95554
near_jump,5915,912,95552,5915,869,95509
near_jump,5915,360,95000,5915,424,95064
near_jump,5915,370,95010,5915,424,95064
near_jump,5915,380,95020,5915,393,95033
near_jump,5915,389,95029,5915,424,95064
near_jump,5915,391,95031,5915,366,95006
near_jump,5915,703,95343,5915,237,94877
near_jump,0,32,32,0,38,38
far_call,0,159,159,3106,22924,72620
far_call,0,171,171,3106,9836,59532
near_jump,0,188,188,0,193,193
near_jump,0,190,190,0,32405,32405
near_call,5915,674,95314,5915,1349,95989
near_jump,5915,682,95322,5915,688,95328
near_call,5915,693,95333,5915,1349,95989
near_call,5915,1357,95997,5915,1306,95946
near_jump,5915,1362,96002,5915,1396,96036
near_jump,5915,1386,96026,5915,1392,96032
near_jump,5915,2333,96973,5915,2340,96980
near_jump,5915,2338,96978,5915,2342,96982
near_jump,5915,2100,96740,5915,2162,96802
near_jump,5915,2105,96745,5915,2120,96760
near_jump,5915,2118,96758,5915,2162,96802
near_jump,5915,2130,96770,5915,2162,96802
far_call,5915,2142,96782,5915,4352,98992
near_jump,5915,2153,96793,5915,2162,96802
near_jump,5915,2204,96844,5915,2214,96854
near_jump,5915,4690,99330,5915,4685,99325
near_jump,5915,4786,99426,5915,4823,99463
near_jump,5915,4902,99542,5915,5003,99643
near_call,5915,4904,99544,5915,5117,99757
near_jump,5915,4913,99553,5915,4918,99558
near_jump,5915,4925,99565,5915,5003,99643
near_jump,5915,4929,99569,5915,4940,99580
near_jump,5915,4936,99576,5915,4986,99626
near_jump,5915,4938,99578,5915,5003,99643
near_jump,5915,1717,96357,5915,1813,96453
near_jump,5915,1749,96389,5915,1784,96424
near_call,5915,1758,96398,5915,4352,98992
near_jump,5915,1775,96415,5915,1710,96350
near_jump,5915,1782,96422,5915,1813,96453
near_call,5915,1721,96361,5915,1818,96458
near_jump,5915,1730,96370,5915,1689,96329
near_jump,5915,5390,100030,5915,5387,100027
near_jump,5915,5394,100034,5915,5387,100027
near_jump,5915,5399,100039,5915,5405,100045
near_jump,5915,5403,100043,5915,5406,100046
near_jump,5915,5408,100048,5915,5441,100081
near_jump,5915,5412,100052,5915,5441,100081
near_jump,5915,5439,100079,5915,5405,100045
near_jump,5915,5543,100183,5915,5492,100132
near_jump,5915,5878,100518,5915,5883,100523
near_jump,5915,5880,100520,5915,6016,100656
near_jump,5915,6044,100684,5915,6049,100689
near_jump,5915,6046,100686,5915,6213,100853
near_jump,3106,22143,71839,3106,22182,71878
near_jump,3106,22176,71872,3106,22160,71856
near_jump,3106,15387,65083,3106,15356,65052
near_jump,3106,15397,65093,3106,15433,65129
near_jump,3106,24733,74429,3106,24745,74441
near_jump,3106,24739,74435,3106,24745,74441
near_jump,3106,24758,74454,3106,24763,74459
near_jump,3106,24760,74456,3106,25114,74810
near_jump,3106,3723,53419,3106,3765,53461
far_call,3106,3760,53456,2065,14632,47672
near_jump,2065,14688,47728,2065,14710,47750
near_jump,2065,14695,47735,2065,14710,47750
far_call,2065,14702,47742,3106,40900,90596
near_jump,2065,14715,47755,2065,14752,47792
near_jump,2065,14731,47771,2065,14752,47792
far_call,2065,14741,47781,3106,22406,72102
near_jump,2065,14749,47789,2065,14834,47874
near_jump,2065,14880,47920,2065,14886,47926
near_jump,2065,14913,47953,2065,14987,48027
near_jump,2065,10559,43599,2065,10568,43608
near_jump,2065,10566,43606,2065,10573,43613
far_call,2065,10587,43627,5915,6618,101258
near_jump,2065,10597,43637,2065,10531,43571
near_jump,2065,10602,43642,2065,10609,43649
near_jump,2065,10619,43659,2065,10624,43664
near_jump,2065,10621,43661,2065,10774,43814
near_jump,3106,13151,62847,3106,13156,62852
near_jump,3106,13153,62849,3106,10404,60100
near_jump,3106,23102,72798,3106,23107,72803
near_jump,3106,23104,72800,3106,22963,72659
far_call,5782,578,93090,3106,22490,72186
far_call,5782,600,93112,3106,22238,71934
near_jump,5782,614,93126,5782,729,93241
far_call,5782,658,93170,3106,22566,72262
near_jump,5782,672,93184,5782,729,93241
near_jump,5782,679,93191,5782,717,93229
far_call,5782,685,93197,5915,1528,96168
far_call,5782,697,93209,5915,1528,96168
far_call,5782,709,93221,5915,471,95111
near_jump,5782,739,93251,5782,793,93305
near_jump,5782,752,93264,5782,782,93294
near_call,5915,239,94879,5915,666,95306
near_call,5915,243,94883,5915,1349,95989
near_jump,5915,253,94893,5915,262,94902
near_jump,2065,2776,35816,2065,2781,35821
near_jump,2065,2778,35818,2065,328,33368
far_call,3106,3309,53005,5915,6772,101412
far_call,3106,3339,53035,5915,6772,101412
far_call,3106,3370,53066,5915,6618,101258
far_call,3106,3391,53087,5915,6618,101258
near_jump,3106,3439,53135,3106,3458,53154
near_jump,3106,3447,53143,3106,3458,53154
near_jump,3106,3452,53148,3106,3458,53154
near_jump,3106,27278,76974,3106,27289,76985
near_jump,3106,27284,76980,3106,27289,76985
near_jump,3106,27286,76982,3106,27635,77331
near_jump,3106,27646,77342,3106,27651,77347
near_jump,3106,27648,77344,3106,28015,77711
near_jump,3106,2298,51994,3106,2303,51999
near_jump,3106,2300,51996,3106,2535,52231
near_jump,3106,16293,65989,3106,16354,66050
far_call,3106,16305,66001,5915,5722,100362
near_jump,3106,16315,66011,3106,16328,66024
near_jump,3106,16326,66022,3106,16301,65997
near_jump,3106,16333,66029,3106,16338,66034
near_jump,3106,16335,66031,3106,16164,65860
near_jump,3106,16418,66114,3106,16368,66064
near_jump,3106,32811,82507,3106,32831,82527
far_call,3106,42757,92453,5915,706,95346
far_call,3106,35744,85440,5915,706,95346
near_jump,3106,35756,85452,3106,35766,85462
near_jump,3106,35763,85459,3106,35771,85467
near_call,3106,37289,86985,3106,25120,74816
far_call,3106,37334,87030,2065,14632,47672
far_call,3106,37371,87067,2065,14632,47672
far_call,3106,37411,87107,2065,14632,47672
far_call,3106,37448,87144,2065,14632,47672
near_call,3106,37476,87172,3106,35014,84710
near_jump,3106,37487,87183,3106,37492,87188
near_jump,3106,37489,87185,3106,37700,87396
near_jump,3106,20001,69697,3106,20011,69707
near_jump,3106,20016,69712,3106,20031,69727
near_jump,3106,20037,69733,3106,20042,69738
near_jump,3106,20039,69735,3106,20398,70094
near_jump,3106,19965,69661,3106,19970,69666
near_jump,3106,19967,69663,3106,21180,70876
near_call,3106,21181,70877,3106,15908,65604
near_call,3106,21188,70884,3106,22056,71752
near_jump,3106,21223,70919,3106,21257,70953
near_jump,3106,21255,70951,3106,21230,70926
near_call,3106,21262,70958,3106,3464,53160
near_call,3106,21273,70969,3106,22056,71752
near_jump,3106,41835,91531,3106,41905,91601
near_jump,3106,41842,91538,3106,41905,91601
near_call,3106,41899,91595,3106,22678,72374
near_jump,3106,42051,91747,3106,42062,91758
near_jump,3106,42058,91754,3106,41923,91619
near_jump,3106,21613,71309,3106,21623,71319
near_jump,3106,21628,71324,3106,21643,71339
near_jump,3106,21647,71343,3106,21736,71432
near_jump,3106,21649,71345,3106,21658,71354
near_jump,3106,21656,71352,3106,21736,71432
near_jump,3106,21664,71360,3106,21680,71376
near_jump,3106,21577,71273,3106,21582,71278
near_jump,3106,21579,71275,3106,21902,71598
near_call,3106,21903,71599,3106,15908,65604
near_call,3106,21910,71606,3106,22056,71752
near_jump,3106,21945,71641,3106,21979,71675
near_jump,3106,21977,71673,3106,21952,71648
near_call,3106,21984,71680,3106,3464,53160
near_call,3106,21995,71691,3106,22056,71752
far_call,3106,18983,68679,5915,6480,101120
far_call,3106,19016,68712,5915,6480,101120
near_jump,3106,19067,68763,3106,19325,69021
near_jump,3106,161,49857,3106,132,49828
far_call,3106,175,49871,5915,3552,98192
near_jump,3106,226,49922,3106,231,49927
near_jump,3106,28842,78538,3106,28822,78518
far_call,3106,28859,78555,2065,9746,42786
near_jump,3106,28884,78580,3106,28889,78585
near_jump,3106,28886,78582,3106,29029,78725
near_jump,3106,13955,63651,3106,14039,63735
far_call,3106,13967,63663,5915,5722,100362
near_jump,3106,13977,63673,3106,13990,63686
near_jump,3106,13988,63684,3106,13963,63659
far_call,3106,13998,63694,5915,5736,100376
far_call,3106,14016,63712,5915,5722,100362
near_jump,3106,14026,63722,3106,14039,63735
near_jump,3106,14037,63733,3106,14012,63708
near_jump,3106,14044,63740,3106,14049,63745
near_jump,3106,14046,63742,3106,14229,63925
far_call,3106,14241,63937,5915,3700,98340
near_jump,3106,14253,63949,3106,14258,63954
near_jump,3106,14255,63951,3106,13931,63627
near_jump,3106,31651,81347,3106,31671,81367
near_jump,3106,33157,82853,3106,33177,82873
near_jump,3106,33966,83662,3106,34036,83732
near_jump,3106,33974,83670,3106,34036,83732
near_jump,3106,33981,83677,3106,34036,83732
near_call,3106,34019,83715,3106,42752,92448
near_call,3106,34030,83726,3106,3464,53160
near_jump,3106,34041,83737,3106,34108,83804
near_jump,3106,34049,83745,3106,34108,83804
near_jump,3106,34056,83752,3106,34108,83804
near_call,3106,34091,83787,3106,42752,92448
near_call,3106,34102,83798,3106,3464,53160
far_call,3106,34116,83812,5915,5150,99790
near_call,3106,34146,83842,3106,24624,74320
far_call,3106,34160,83856,5915,5150,99790
near_call,3106,34190,83886,3106,24624,74320
far_call,3106,34204,83900,5915,5150,99790
near_call,3106,34234,83930,3106,24624,74320
far_call,3106,34248,83944,5915,5150,99790
near_call,3106,34278,83974,3106,24624,74320
far_call,3106,34292,83988,5915,5150,99790
near_call,3106,34322,84018,3106,24624,74320
far_call,3106,34336,84032,5915,5150,99790
near_call,3106,34366,84062,3106,24624,74320
far_call,3106,34380,84076,5915,5150,99790
near_call,3106,34410,84106,3106,24624,74320
far_call,3106,34424,84120,5915,5150,99790
near_call,3106,34455,84151,3106,24624,74320
far_call,3106,34469,84165,5915,5150,99790
near_call,3106,34499,84195,3106,24624,74320
near_jump,3106,34510,84206,3106,34528,84224
near_jump,3106,34518,84214,3106,34570,84266
near_jump,3106,34525,84221,3106,34599,84295
near_jump,3106,25331,75027,3106,25345,75041
near_jump,3106,25337,75033,3106,25352,75048
near_jump,3106,25343,75039,3106,25352,75048
near_jump,3106,25349,75045,3106,25356,75052
far_call,3106,33588,83284,5915,5736,100376
near_jump,3106,33611,83307,3106,33785,83481
near_jump,3106,31833,81529,3106,31818,81514
near_call,3106,31854,81550,3106,24624,74320
far_call,3106,31964,81660,5915,5554,100194
near_jump,3106,31971,81667,3106,31956,81652
near_jump,3106,31981,81677,3106,31986,81682
near_jump,3106,31983,81679,3106,32341,82037
near_jump,2065,9855,42895,2065,9932,42972
near_jump,2065,9871,42911,2065,9932,42972
far_call,2065,9924,42964,3106,22678,72374
near_jump,2065,10104,43144,2065,10109,43149
near_jump,2065,10106,43146,2065,10475,43515
near_jump,2065,9989,43029,2065,9994,43034
near_jump,2065,9991,43031,2065,10475,43515
near_jump,3106,7820,57516,3106,7836,57532
near_call,3106,7841,57537,3106,3464,53160
near_call,3106,7848,57544,3106,25666,75362
near_call,3106,7856,57552,3106,22056,71752
near_jump,3106,40944,90640,3106,41020,90716
near_jump,3106,40963,90659,3106,41020,90716
near_jump,3106,40965,90661,3106,40973,90669
near_jump,3106,40971,90667,3106,41020,90716
near_jump,3106,40977,90673,3106,41020,90716
near_jump,3106,40984,90680,3106,41020,90716
near_jump,3106,40991,90687,3106,41020,90716
near_jump,3106,40998,90694,3106,41020,90716
far_call,3106,41129,90825,5915,3552,98192
far_call,3106,41155,90851,5915,4118,98758
near_jump,3106,41245,90941,3106,41169,90865
far_call,3106,41257,90953,5915,4118,98758
near_jump,3106,41282,90978,3106,41315,91011
near_jump,3106,41298,90994,3106,41315,91011
near_call,3106,41309,91005,3106,22406,72102
near_jump,3106,41319,91015,3106,41324,91020
near_jump,3106,41321,91017,3106,41550,91246
far_call,5915,1980,96620,5915,4692,99332
near_jump,5915,1989,96629,5915,1995,96635
near_jump,5915,1993,96633,5915,1948,96588
near_jump,5915,1442,96082,5915,1465,96105
near_jump,5915,4186,98826,5915,4243,98883
near_jump,5915,4202,98842,5915,4241,98881
near_jump,5915,4209,98849,5915,4216,98856
near_jump,5915,4219,98859,5915,4246,98886
near_jump,5915,4223,98863,5915,4232,98872
near_jump,5915,4230,98870,5915,4237,98877
near_jump,5915,3664,98304,5915,3671,98311
near_jump,5915,3671,98311,5915,1463,96103
near_jump,5915,3636,98276,5915,3651,98291
near_jump,5915,3649,98289,5915,3611,98251
near_jump,5915,3804,98444,5915,3810,98450
near_jump,5915,3814,98454,5915,3819,98459
near_jump,5915,3816,98456,5915,4030,98670
near_jump,5915,4112,98752,5915,4117,98757
near_jump,5915,3973,98613,5915,3982,98622
near_jump,5915,3980,98620,5915,4030,98670
near_jump,5915,4001,98641,5915,3965,98605
near_jump,5915,4008,98648,5915,4030,98670
near_jump,5915,4015,98655,5915,4030,98670
near_jump,5915,4028,98668,5915,3965,98605
near_jump,5915,4034,98674,5915,4097,98737
near_jump,5915,4051,98691,5915,4055,98695
near_jump,5915,4060,98700,5915,4065,98705
near_jump,5915,4069,98709,5915,4081,98721
near_jump,5915,4078,98718,5915,3768,98408
near_jump,5915,4523,99163,5915,4620,99260
near_call,5915,4529,99169,5915,706,95346
near_jump,5915,4539,99179,5915,4559,99199
near_jump,5915,4550,99190,5915,4565,99205
near_jump,5915,4557,99197,5915,4565,99205
near_jump,5915,4503,99143,5915,4508,99148
near_call,5915,4505,99145,5915,4532,99172
near_jump,5915,4514,99154,5915,4487,99127
near_call,5915,4516,99156,5915,4532,99172
near_jump,5915,4519,99159,5915,4491,99131
near_jump,5915,4617,99257,5915,1463,96103
near_jump,5915,1487,96127,5915,1523,96163
near_jump,5915,1494,96134,5915,1508,96148
near_jump,5915,1498,96138,5915,1512,96152
near_jump,5915,1502,96142,5915,1508,96148
near_jump,5915,1506,96146,5915,1514,96154
near_jump,5915,649,95289,5915,665,95305
near_jump,5915,659,95299,5915,647,95287
near_jump,5915,663,95303,5915,647,95287
near_jump,5915,606,95246,5915,615,95255
near_jump,5915,631,95271,5915,646,95286
near_jump,3106,4710,54406,3106,4715,54411
near_jump,3106,4712,54408,3106,5378,55074
near_jump,5915,1438,96078,5915,237,94877
near_jump,5915,1036,95676,5915,1033,95673
near_jump,5915,1040,95680,5915,1033,95673
near_jump,5915,1044,95684,5915,1170,95810
near_jump,5915,1048,95688,5915,1170,95810
near_jump,5915,1059,95699,5915,1030,95670
near_jump,5915,1063,95703,5915,1030,95670
near_jump,5915,1067,95707,5915,1167,95807
near_jump,5915,1071,95711,5915,1167,95807
near_jump,5915,1075,95715,5915,1116,95756
near_jump,5915,1079,95719,5915,1084,95724
near_jump,5915,1082,95722,5915,1056,95696
near_jump,5915,953,95593,5915,949,95589
near_jump,5915,957,95597,5915,963,95603
near_jump,5915,961,95601,5915,926,95566
near_jump,5915,922,95562,5915,870,95510
near_jump,5915,924,95564,5915,927,95567
near_jump,5915,437,95077,5915,449,95089
near_jump,5915,442,95082,5915,449,95089
near_jump,5915,450,95090,5915,427,95067
near_call,5915,458,95098,5915,647,95287
near_call,5915,467,95107,5915,647,95287
near_jump,5915,407,95047,5915,422,95062
near_jump,5915,415,95055,5915,422,95062
near_jump,5915,420,95060,5915,404,95044
near_jump,0,42,42,0,47,47
near_jump,0,44,44,0,69,69
near_jump,0,199,199,0,204,204
near_jump,0,201,201,0,1039,1039
far_call,0,32405,32405,5915,6614,101254
far_call,0,32422,32422,5915,6592,101232
far_call,0,32430,32430,5915,6616,101256
far_call,0,32435,32435,5915,6614,101254
far_call,0,32452,32452,5915,6592,101232
far_call,0,32460,32460,5915,6616,101256
far_call,0,32465,32465,3106,15908,65604
near_jump,0,32475,32475,0,32480,32480
near_jump,0,32477,32477,0,32570,32570
near_jump,5915,1322,95962,5915,1340,95980
near_jump,5915,1326,95966,5915,1340,95980
near_jump,5915,1338,95978,5915,1319,95959
near_jump,5915,2218,96858,5915,2242,96882
near_jump,5915,2224,96864,5915,2211,96851
far_call,5915,2227,96867,5915,2064,96704
near_jump,5915,2236,96876,5915,2206,96846
near_jump,5915,2239,96879,5915,2211,96851
near_jump,5915,4826,99466,5915,4812,99452
near_jump,5915,4833,99473,5915,4870,99510
near_jump,5915,4837,99477,5915,4858,99498
near_jump,5915,4844,99484,5915,4812,99452
near_jump,5915,4856,99496,5915,4830,99470
near_jump,5915,5004,99644,5915,5033,99673
near_jump,5915,5124,99764,5915,5129,99769
near_jump,5915,5133,99773,5915,5143,99783
near_jump,5915,5141,99781,5915,5129,99769
near_jump,5915,4949,99589,5915,4973,99613
near_jump,5915,4956,99596,5915,4964,99604
near_jump,5915,4960,99600,5915,4954,99594
near_jump,5915,4962,99602,5915,4998,99638
near_call,5915,4987,99627,5915,5036,99676
near_jump,5915,4991,99631,5915,5006,99646
near_jump,5915,4996,99636,5915,5003,99643
near_jump,5915,5001,99641,5915,4973,99613
near_jump,5915,1791,96431,5915,1765,96405
near_call,5915,1801,96441,5915,3552,98192
near_jump,5915,1811,96451,5915,1765,96405
far_call,5915,1829,96469,5915,4692,99332
near_jump,5915,1847,96487,5915,1860,96500
near_jump,5915,1858,96498,5915,1872,96512
near_jump,5915,5445,100085,5915,5454,100094
far_call,5915,5494,100134,5915,5244,99884
near_jump,5915,5504,100144,5915,5538,100178
near_jump,5915,5511,100151,5915,5538,100178
far_call,5915,5518,100158,5915,5312,99952
near_jump,5915,5528,100168,5915,5538,100178
near_jump,5915,5535,100175,5915,5547,100187
far_call,5915,5892,100532,5915,5272,99912
far_call,5915,5910,100550,5915,5370,100010
far_call,5915,5920,100560,5915,6772,101412
near_jump,5915,5941,100581,5915,5968,100608
near_jump,5915,5955,100595,5915,5962,100602
near_jump,5915,5960,100600,5915,5968,100608
near_jump,5915,5966,100606,5915,5934,100574
near_jump,5915,5975,100615,5915,5996,100636
far_call,5915,5986,100626,5915,5272,99912
near_jump,5915,5994,100634,5915,6003,100643
near_jump,5915,6053,100693,5915,6064,100704
near_jump,5915,6059,100699,5915,6064,100704
near_jump,5915,6061,100701,5915,6193,100833
near_jump,3106,22209,71905,3106,22213,71909
near_jump,3106,22231,71927,3106,22197,71893
near_jump,3106,15437,65133,3106,15468,65164
near_jump,3106,15447,65143,3106,15430,65126
near_jump,3106,15455,65151,3106,15430,65126
near_jump,3106,15466,65162,3106,15422,65118
near_jump,3106,24766,74462,3106,24771,74467
near_jump,3106,24768,74464,3106,25114,74810
near_jump,2065,14757,47797,2065,14834,47874
near_jump,2065,14773,47813,2065,14834,47874
far_call,2065,14826,47866,3106,22678,72374
near_jump,2065,14993,48033,2065,14916,47956
near_jump,2065,10629,43669,2065,10651,43691
near_jump,2065,10636,43676,2065,10651,43691
far_call,2065,10643,43683,3106,40900,90596
near_jump,2065,10656,43696,2065,10692,43732
near_jump,2065,10672,43712,2065,10692,43732
far_call,2065,10682,43722,3106,22406,72102
near_jump,2065,10690,43730,2065,10774,43814
far_call,2065,10983,44023,5915,6480,101120
far_call,2065,10998,44038,5915,6618,101258
far_call,2065,11034,44074,5915,6480,101120
far_call,2065,11049,44089,5915,6618,101258
far_call,2065,11085,44125,5915,6480,101120
far_call,2065,11097,44137,5915,6618,101258
far_call,2065,11133,44173,5915,6480,101120
far_call,2065,11145,44185,5915,6618,101258
near_jump,2065,11217,44257,2065,11224,44264
near_jump,2065,11222,44262,2065,11229,44269
near_jump,3106,13160,62856,3106,13168,62864
near_jump,3106,13172,62868,3106,13180,62876
near_jump,3106,13184,62880,3106,13192,62888
near_jump,3106,13196,62892,3106,13216,62912
near_jump,3106,13203,62899,3106,13216,62912
near_jump,3106,13220,62916,3106,13240,62936
near_jump,3106,13227,62923,3106,13240,62936
near_call,3106,13241,62937,3106,15908,65604
near_call,3106,13245,62941,3106,24296,73992
near_call,3106,13252,62948,3106,22056,71752
near_jump,3106,13274,62970,3106,13279,62975
near_jump,3106,13276,62972,3106,13484,63180
near_jump,3106,10415,60111,3106,10425,60121
near_jump,3106,10430,60126,3106,10445,60141
far_call,3106,10459,60155,5915,6822,101462
far_call,3106,10472,60168,5915,6494,101134
near_jump,3106,10493,60189,3106,10490,60186
near_jump,3106,10498,60194,3106,10495,60191
near_jump,3106,10553,60249,3106,10581,60277
near_jump,3106,10557,60253,3106,10581,60277
near_jump,3106,10559,60255,3106,10566,60262
near_jump,3106,10564,60260,3106,10581,60277
near_call,3106,10575,60271,3106,22056,71752
near_jump,3106,10585,60281,3106,10622,60318
near_jump,3106,10587,60283,3106,10596,60292
near_jump,3106,10594,60290,3106,10622,60318
near_jump,3106,10600,60296,3106,10622,60318
near_jump,3106,10602,60298,3106,10611,60307
near_jump,3106,10609,60305,3106,10622,60318
near_call,3106,10616,60312,3106,22056,71752
near_jump,3106,10626,60322,3106,10631,60327
near_jump,3106,10628,60324,3106,11006,60702
near_jump,3106,23111,72807,3106,23116,72812
near_jump,3106,23113,72809,3106,22963,72659
near_jump,5782,798,93310,5782,855,93367
near_jump,5782,805,93317,5782,847,93359
near_jump,5782,791,93303,5782,754,93266
near_jump,2065,2802,35842,2065,2807,35847
near_jump,2065,2804,35844,2065,2966,36006
near_jump,2065,405,33445,2065,410,33450
near_jump,2065,407,33447,2065,599,33639
far_call,3106,27317,77013,2065,14632,47672
near_jump,3106,27341,77037,3106,27346,77042
near_jump,3106,27343,77039,3106,27635,77331
near_jump,3106,27651,77347,3106,27662,77358
near_jump,3106,27657,77353,3106,27662,77358
near_jump,3106,27659,77355,3106,28015,77711
near_jump,3106,28020,77716,3106,28061,77757
far_call,3106,28053,77749,2065,14632,47672
near_jump,3106,28066,77762,3106,28107,77803
far_call,3106,28099,77795,2065,14632,47672
far_call,3106,28138,77834,2065,14632,47672
far_call,3106,28174,77870,2065,14632,47672
far_call,3106,28207,77903,2065,14632,47672
far_call,3106,28243,77939,2065,14632,47672
near_jump,3106,28256,77952,3106,28268,77964
near_jump,3106,28273,77969,3106,28285,77981
near_jump,3106,28290,77986,3106,28302,77998
far_call,3106,28330,78026,2065,14632,47672
far_call,3106,28371,78067,2065,14632,47672
far_call,3106,28406,78102,2065,14632,47672
far_call,3106,28444,78140,2065,14632,47672
near_call,3106,28483,78179,3106,24624,74320
near_jump,3106,28542,78238,3106,28560,78256
near_jump,3106,28553,78249,3106,28560,78256
near_call,3106,28575,78271,3106,24624,74320
near_jump,3106,2309,52005,3106,2317,52013
near_jump,3106,2323,52019,3106,2331,52027
far_call,3106,2350,52046,5915,6618,101258
near_jump,3106,2361,52057,3106,2368,52064
far_call,3106,2383,52079,5915,6618,101258
near_jump,3106,2423,52119,3106,2396,52092
near_jump,3106,2430,52126,3106,2437,52133
near_jump,3106,2466,52162,3106,2521,52217
near_jump,3106,2473,52169,3106,2521,52217
near_jump,3106,2527,52223,3106,2535,52231
near_jump,3106,2542,52238,3106,2554,52250
near_jump,3106,2549,52245,3106,2554,52250
near_jump,3106,2551,52247,3106,2699,52395
near_jump,3106,16342,66038,3106,16347,66043
near_jump,3106,16344,66040,3106,16148,65844
far_call,3106,16174,65870,5915,5722,100362
near_jump,3106,16184,65880,3106,16197,65893
near_jump,3106,16195,65891,3106,16170,65866
near_jump,3106,16202,65898,3106,16229,65925
far_call,3106,16221,65917,5915,5736,100376
far_call,3106,16239,65935,5915,5722,100362
near_jump,3106,16249,65945,3106,16262,65958
near_jump,3106,16260,65956,3106,16235,65931
near_jump,3106,16267,65963,3106,16284,65980
far_call,3106,16276,65972,5915,5736,100376
near_call,3106,16385,66081,3106,15276,64972
near_call,3106,16403,66099,3106,15276,64972
near_jump,3106,35776,85472,3106,35788,85484
near_jump,3106,35786,85482,3106,35796,85492
far_call,3106,35020,84716,5915,706,95346
near_jump,3106,35030,84726,3106,35040,84736
near_jump,3106,35037,84733,3106,35045,84741
near_jump,3106,37499,87195,3106,37511,87207
near_jump,3106,37506,87202,3106,37511,87207
near_jump,3106,37514,87210,3106,37528,87224
near_jump,3106,37521,87217,3106,37528,87224
near_jump,3106,37531,87227,3106,37544,87240
near_jump,3106,37537,87233,3106,37544,87240
near_jump,3106,37547,87243,3106,37561,87257
near_jump,3106,37554,87250,3106,37561,87257
near_jump,3106,37564,87260,3106,37585,87281
near_jump,3106,37571,87267,3106,37580,87276
near_jump,3106,37578,87274,3106,37585,87281
near_jump,3106,37588,87284,3106,37602,87298
near_jump,3106,37595,87291,3106,37602,87298
near_jump,3106,37605,87301,3106,37619,87315
near_jump,3106,37612,87308,3106,37619,87315
near_jump,3106,37622,87318,3106,37637,87333
near_jump,3106,37630,87326,3106,37637,87333
near_jump,3106,37640,87336,3106,37662,87358
near_jump,3106,37648,87344,3106,37657,87353
near_jump,3106,37655,87351,3106,37662,87358
near_jump,3106,37665,87361,3106,37680,87376
near_jump,3106,37673,87369,3106,37680,87376
near_jump,3106,37684,87380,3106,37705,87401
near_call,3106,37691,87387,3106,2146,51842
near_jump,3106,37697,87393,3106,37705,87401
near_jump,3106,37709,87405,3106,37714,87410
near_jump,3106,37711,87407,3106,37459,87155
near_jump,3106,20061,69757,3106,20124,69820
near_jump,3106,20063,69759,3106,20072,69768
near_jump,3106,20070,69766,3106,20124,69820
far_call,3106,20110,69806,5915,6618,101258
near_jump,3106,20121,69817,3106,20130,69826
near_jump,3106,20402,70098,3106,20407,70103
near_jump,3106,20404,70100,3106,20535,70231
near_jump,3106,19975,69671,3106,19980,69676
near_jump,3106,19977,69673,3106,21180,70876
near_jump,3106,42072,91768,3106,42077,91773
near_jump,3106,42074,91770,3106,42225,91921
near_jump,3106,41927,91623,3106,42044,91740
near_jump,3106,42042,91738,3106,41920,91616
near_call,3106,21740,71436,3106,22056,71752
near_call,3106,21759,71455,3106,35738,85434
near_call,3106,21770,71466,3106,25120,74816
near_call,3106,21781,71477,3106,22056,71752
near_call,3106,21811,71507,3106,2146,51842
near_call,3106,21818,71514,3106,40808,90504
near_call,3106,21834,71530,3106,35738,85434
near_call,3106,21856,71552,3106,25120,74816
near_call,3106,21863,71559,3106,40808,90504
near_jump,3106,21898,71594,3106,21556,71252
near_jump,3106,21686,71382,3106,21666,71362
far_call,3106,21724,71420,2065,10480,43520
near_jump,3106,21732,71428,3106,21871,71567
near_jump,3106,21587,71283,3106,21592,71288
near_jump,3106,21589,71285,3106,21902,71598
near_jump,3106,19335,69031,3106,19386,69082
near_jump,3106,19376,69072,3106,19322,69018
near_jump,3106,19383,69079,3106,19081,68777
near_jump,3106,235,49931,3106,240,49936
near_jump,3106,237,49933,3106,584,50280
near_jump,3106,28940,78636,3106,28915,78611
near_call,3106,28981,78677,3106,24624,74320
near_call,3106,29001,78697,3106,31346,81042
near_call,3106,29023,78719,3106,24624,74320
near_jump,3106,29036,78732,3106,29041,78737
near_jump,3106,29038,78734,3106,28872,78568
far_call,3106,14061,63757,5915,3700,98340
near_jump,3106,14073,63769,3106,14078,63774
near_jump,3106,14075,63771,3106,13931,63627
far_call,3106,14269,63965,5915,4118,98758
near_jump,3106,14293,63989,3106,14369,64065
far_call,3106,14307,64003,5915,4118,98758
near_jump,3106,14324,64020,3106,14348,64044
near_jump,3106,34534,84230,3106,34578,84274
near_jump,3106,34542,84238,3106,34549,84245
near_jump,3106,34555,84251,3106,34562,84258
near_jump,3106,34568,84264,3106,34599,84295
near_jump,3106,34575,84271,3106,34599,84295
near_jump,3106,34608,84304,3106,34615,84311
near_jump,3106,34620,84316,3106,34627,84323
near_jump,3106,34632,84328,3106,34650,84346
near_jump,3106,34646,84342,3106,34954,84650
near_jump,3106,25366,75062,3106,25378,75074
near_jump,3106,25372,75068,3106,25378,75074
near_jump,3106,25383,75079,3106,25539,75235
near_jump,3106,33789,83485,3106,33840,83536
near_jump,3106,33815,83511,3106,33820,83516
near_jump,3106,33817,83513,3106,33619,83315
near_jump,3106,31820,81516,3106,31835,81531
far_call,3106,31956,81652,5915,5592,100232
near_jump,3106,31986,81682,3106,32064,81760
far_call,3106,32341,82037,5915,6614,101254
far_call,3106,32358,82054,5915,6592,101232
far_call,3106,32366,82062,5915,6616,101256
near_jump,3106,32392,82088,3106,32376,82072
near_jump,3106,32408,82104,3106,32422,82118
near_jump,2065,10115,43155,2065,10156,43196
near_jump,2065,9998,43038,2065,10087,43127
near_jump,2065,10006,43046,2065,10080,43120
near_jump,2065,10014,43054,2065,10080,43120
near_jump,2065,10023,43063,2065,10080,43120
near_jump,2065,10029,43069,2065,10080,43120
near_jump,2065,10042,43082,2065,10080,43120
near_call,2065,10074,43114,2065,15002,48042
near_jump,2065,10097,43137,2065,9982,43022
near_jump,3106,41404,91100,3106,41424,91120
near_jump,3106,41464,91160,3106,41484,91180
near_jump,3106,41482,91178,3106,41466,91162
near_jump,3106,41512,91208,3106,41515,91211
near_jump,3106,41529,91225,3106,41537,91233
near_jump,3106,41543,91239,3106,41548,91244
near_jump,3106,41545,91241,3106,41368,91064
near_jump,3106,41576,91272,3106,41661,91357
near_jump,3106,41588,91284,3106,41661,91357
near_jump,3106,41599,91295,3106,41661,91357
near_call,3106,41655,91351,3106,22678,72374
far_call,3106,41664,91360,5915,3520,98160
near_jump,3106,41742,91438,3106,41678,91374
near_jump,5915,4249,98889,5915,4258,98898
near_jump,5915,4254,98894,5915,4235,98875
near_jump,5915,4256,98896,5915,4232,98872
near_jump,5915,3825,98465,5915,3855,98495
near_jump,5915,3830,98470,5915,3841,98481
near_jump,5915,3838,98478,5915,4030,98670
near_jump,5915,4099,98739,5915,4065,98705
near_jump,5915,4625,99265,5915,4632,99272
near_jump,5915,4629,99269,5915,1463,96103
near_jump,5915,4573,99213,5915,4606,99246
near_jump,5915,4576,99216,5915,4582,99222
near_jump,5915,4580,99220,5915,4612,99252
near_jump,5915,1525,96165,5915,1518,96158
near_jump,5915,1510,96150,5915,1514,96154
far_call,3106,4738,54434,5915,4118,98758
far_call,3106,4756,54452,5915,4118,98758
near_jump,3106,4781,54477,3106,4814,54510
near_jump,3106,4797,54493,3106,4814,54510
near_call,3106,4808,54504,3106,22406,72102
near_jump,3106,4818,54514,3106,4823,54519
near_jump,3106,4820,54516,3106,5050,54746
far_call,3106,5381,55077,5915,3520,98160
near_jump,3106,5394,55090,3106,5414,55110
near_jump,5915,1119,95759,5915,1167,95807
near_jump,5915,1123,95763,5915,1167,95807
near_jump,5915,1127,95767,5915,1056,95696
near_jump,5915,1131,95771,5915,1136,95776
near_jump,5915,1134,95774,5915,1116,95756
near_jump,5915,1090,95730,5915,1086,95726
near_jump,5915,1094,95734,5915,1102,95742
near_jump,5915,1100,95740,5915,1055,95695
near_jump,5915,971,95611,5915,927,95567
near_jump,5915,973,95613,5915,870,95510
near_jump,0,66,66,0,35,35
near_jump,0,81,81,0,86,86
near_jump,0,83,83,0,112,112
far_call,0,212,212,3106,22056,71752
near_jump,0,230,230,0,235,235
near_jump,0,232,232,0,241,241
near_jump,0,1044,1044,0,1050,1050
near_jump,0,32491,32491,0,32496,32496
near_jump,0,32493,32493,0,32522,32522
far_call,0,32578,32578,5915,5736,100376
far_call,0,32594,32594,5915,5736,100376
far_call,0,32610,32610,5915,5736,100376
far_call,0,32618,32618,5915,6614,101254
far_call,0,32635,32635,5915,6592,101232
far_call,0,32643,32643,5915,6616,101256
far_call,0,32652,32652,5915,5722,100362
far_call,0,32668,32668,5915,5736,100376
near_jump,0,32686,32686,0,32691,32691
near_jump,0,32688,32688,0,32703,32703
near_jump,5915,2246,96886,5915,2252,96892
near_jump,5915,2250,96890,5915,2255,96895
near_jump,5915,4817,99457,5915,4788,99428
near_jump,5915,4821,99461,5915,4858,99498
near_jump,5915,4874,99514,5915,4885,99525
near_jump,5915,4868,99508,5915,4895,99535
near_jump,5915,4978,99618,5915,4982,99622
near_jump,5915,4967,99607,5915,4998,99638
near_jump,5915,5042,99682,5915,5059,99699
near_jump,5915,5051,99691,5915,5058,99698
near_jump,5915,5056,99696,5915,5112,99752
near_jump,5915,5069,99709,5915,5074,99714
near_jump,5915,5078,99718,5915,5090,99730
near_jump,5915,5098,99738,5915,5116,99756
near_jump,5915,5106,99746,5915,5112,99752
near_jump,5915,5113,99753,5915,5116,99756
near_jump,5915,6075,100715,5915,6100,100740
near_jump,5915,6081,100721,5915,6100,100740
near_jump,5915,6095,100735,5915,6109,100749
near_jump,5915,6196,100836,5915,6215,100855
near_jump,3106,15473,65169,3106,15630,65326
near_jump,3106,15428,65124,3106,15400,65096
near_jump,3106,24807,74503,3106,24812,74508
near_jump,3106,24809,74505,3106,24978,74674
near_jump,2065,14948,47988,2065,14953,47993
near_jump,2065,14958,47998,2065,14945,47985
near_jump,2065,10697,43737,2065,10774,43814
near_jump,2065,10713,43753,2065,10774,43814
far_call,2065,10766,43806,3106,22678,72374
near_jump,2065,11236,44276,2065,11247,44287
near_jump,2065,11282,44322,2065,11292,44332
near_jump,2065,11290,44330,2065,11315,44355
far_call,3106,24301,73997,5915,706,95346
near_jump,3106,24316,74012,3106,24322,74018
near_call,3106,24319,74015,3106,3776,53472
near_call,3106,24326,74022,3106,22056,71752
far_call,3106,24339,74035,5915,5736,100376
far_call,3106,24354,74050,5915,5736,100376
far_call,3106,24369,74065,5915,5736,100376
far_call,3106,24380,74076,5915,5722,100362
far_call,3106,24395,74091,5915,5736,100376
far_call,3106,24410,74106,5915,5736,100376
far_call,3106,24425,74121,5915,5736,100376
far_call,3106,24440,74136,5915,5736,100376
far_call,3106,24451,74147,5915,5722,100362
far_call,3106,24465,74161,5915,5736,100376
far_call,3106,24480,74176,5915,5736,100376
far_call,3106,24491,74187,5915,5722,100362
far_call,3106,24506,74202,5915,5736,100376
far_call,3106,24517,74213,5915,5722,100362
far_call,3106,24532,74228,5915,5736,100376
far_call,3106,24547,74243,5915,5736,100376
near_call,3106,24559,74255,3106,22056,71752
near_jump,3106,13309,63005,3106,13514,63210
near_jump,3106,13534,63230,3106,13542,63238
near_jump,3106,13540,63236,3106,13544,63240
near_jump,3106,10631,60327,3106,10636,60332
near_jump,3106,10633,60329,3106,11006,60702
near_jump,3106,11010,60706,3106,11015,60711
near_jump,3106,11012,60708,3106,11290,60986
near_jump,3106,23120,72816,3106,23125,72821
near_jump,3106,23122,72818,3106,22963,72659
near_jump,5782,860,93372,5782,906,93418
near_jump,5782,867,93379,5782,898,93410
near_jump,5782,853,93365,5782,808,93320
near_jump,2065,2811,35851,2065,2816,35856
near_jump,2065,2813,35853,2065,2966,36006
near_jump,2065,2971,36011,2065,2980,36020
near_jump,2065,2978,36018,2065,2985,36025
near_jump,2065,452,33492,2065,498,33538
near_jump,2065,502,33542,2065,518,33558
near_jump,2065,575,33615,2065,587,33627
near_jump,2065,605,33645,2065,610,33650
near_jump,2065,607,33647,2065,809,33849
near_jump,3106,27346,77042,3106,27357,77053
near_jump,3106,27352,77048,3106,27357,77053
near_jump,3106,27354,77050,3106,27635,77331
far_call,3106,27690,77386,2065,14632,47672
near_jump,3106,27715,77411,3106,27720,77416
near_jump,3106,27717,77413,3106,28015,77711
far_call,3106,2633,52329,5915,3552,98192
far_call,3106,2666,52362,5915,3520,98160
near_jump,3106,2704,52400,3106,2709,52405
near_jump,3106,2706,52402,3106,2872,52568
near_jump,3106,16350,66046,3106,16151,65847
far_call,3106,16156,65852,5915,5736,100376
far_call,3106,15281,64977,5915,706,95346
near_jump,3106,15290,64986,3106,15298,64994
near_jump,3106,15295,64991,3106,15301,64997
far_call,3106,35863,85559,2065,14632,47672
far_call,3106,35897,85593,2065,14632,47672
far_call,3106,35931,85627,2065,14632,47672
far_call,3106,35961,85657,2065,14632,47672
near_jump,3106,35978,85674,3106,36050,85746
near_jump,3106,35100,84796,3106,35627,85323
near_jump,3106,37719,87415,3106,37724,87420
near_jump,3106,37721,87417,3106,38627,88323
far_call,3106,20146,69842,2065,8,33048
near_jump,3106,20165,69861,3106,20195,69891
near_jump,3106,20172,69868,3106,20195,69891
near_jump,3106,20179,69875,3106,20195,69891
near_jump,3106,20186,69882,3106,20195,69891
near_jump,3106,20193,69889,3106,20188,69884
near_jump,3106,20206,69902,3106,20284,69980
near_jump,3106,20245,69941,3106,20253,69949
near_jump,3106,20259,69955,3106,20267,69963
near_jump,3106,20273,69969,3106,20398,70094
near_jump,3106,20281,69977,3106,20398,70094
near_jump,3106,20411,70107,3106,20471,70167
near_jump,3106,20413,70109,3106,20422,70118
near_jump,3106,20420,70116,3106,20471,70167
near_jump,3106,20426,70122,3106,20471,70167
near_jump,3106,20428,70124,3106,20437,70133
near_jump,3106,20435,70131,3106,20471,70167
near_jump,3106,20448,70144,3106,20456,70152
near_call,3106,20457,70153,3106,3600,53296
near_call,3106,20465,70161,3106,2146,51842
near_jump,3106,20475,70171,3106,20535,70231
near_jump,3106,20477,70173,3106,20486,70182
near_jump,3106,20484,70180,3106,20535,70231
near_jump,3106,20490,70186,3106,20535,70231
near_jump,3106,20492,70188,3106,20501,70197
near_jump,3106,20499,70195,3106,20535,70231
near_jump,3106,20512,70208,3106,20520,70216
near_call,3106,20521,70217,3106,3600,53296
near_call,3106,20529,70225,3106,2146,51842
near_jump,3106,20539,70235,3106,20544,70240
near_jump,3106,20541,70237,3106,21136,70832
near_jump,3106,19985,69681,3106,19990,69686
near_jump,3106,19987,69683,3106,21180,70876
near_jump,3106,42082,91778,3106,42103,91799
near_jump,3106,42089,91785,3106,42103,91799
near_call,3106,42097,91793,3106,40900,90596
near_jump,3106,42108,91804,3106,42144,91840
near_jump,3106,42124,91820,3106,42144,91840
near_call,3106,42135,91831,3106,22406,72102
near_jump,3106,42141,91837,3106,42225,91921
near_jump,3106,42242,91938,3106,42347,92043
far_call,3106,40814,90510,5915,706,95346
near_jump,3106,40842,90538,3106,40870,90566
near_jump,3106,21597,71293,3106,21602,71298
near_jump,3106,21599,71295,3106,21902,71598
near_jump,3106,19397,69093,3106,19403,69099
near_jump,3106,19091,68787,3106,19096,68792
near_jump,3106,19093,68789,3106,19322,69018
far_call,3106,269,49965,5915,4118,98758
far_call,3106,287,49983,5915,4118,98758
near_jump,3106,311,50007,3106,317,50013
near_jump,3106,321,50017,3106,326,50022
near_jump,3106,323,50019,3106,560,50256
far_call,3106,587,50283,5915,3520,98160
near_jump,3106,600,50296,3106,658,50354
near_jump,3106,607,50303,3106,627,50323
near_jump,3106,614,50310,3106,627,50323
near_call,3106,621,50317,3106,40900,90596
near_jump,3106,632,50328,3106,658,50354
near_jump,3106,639,50335,3106,658,50354
near_call,3106,652,50348,3106,22406,72102
near_jump,3106,688,50384,3106,763,50459
near_jump,3106,700,50396,3106,763,50459
near_call,3106,757,50453,3106,22678,72374
near_jump,3106,774,50470,3106,1625,51321
far_call,3106,29049,78745,5915,5632,100272
far_call,3106,29104,78800,5915,6618,101258
far_call,3106,29117,78813,5915,6618,101258
far_call,3106,29124,78820,5915,6822,101462
far_call,3106,29154,78850,5915,6618,101258
far_call,3106,29161,78857,5915,6822,101462
far_call,3106,29191,78887,5915,6618,101258
far_call,3106,29198,78894,5915,6822,101462
far_call,3106,29227,78923,5915,6618,101258
far_call,3106,29234,78930,5915,6822,101462
far_call,3106,29263,78959,5915,6618,101258
far_call,3106,29270,78966,5915,6822,101462
far_call,3106,29299,78995,5915,6618,101258
far_call,3106,29306,79002,5915,6822,101462
far_call,3106,29335,79031,5915,6618,101258
far_call,3106,29342,79038,5915,6822,101462
far_call,3106,29364,79060,5915,6822,101462
near_jump,3106,29384,79080,3106,29394,79090
near_jump,3106,14083,63779,3106,14127,63823
near_jump,3106,14373,64069,3106,14390,64086
far_call,3106,14378,64074,5915,3520,98160
near_jump,3106,14386,64082,3106,13931,63627
near_jump,3106,14358,64054,3106,14326,64022
near_jump,3106,14367,64063,3106,14287,63983
near_jump,3106,34584,84280,3106,34594,84290
near_jump,3106,34591,84287,3106,34599,84295
near_jump,3106,34660,84356,3106,34954,84650
near_call,3106,34955,84651,3106,42752,92448
near_jump,3106,34966,84662,3106,34971,84667
near_jump,3106,34968,84664,3106,34664,84360
near_jump,3106,25547,75243,3106,25552,75248
near_jump,3106,25549,75245,3106,25386,75082
far_call,3106,33843,83539,5915,3520,98160
near_call,3106,33862,83558,3106,2146,51842
near_jump,3106,33826,83522,3106,33831,83527
near_jump,3106,33828,83524,3106,33614,83310
near_jump,3106,33624,83320,3106,33656,83352
near_jump,3106,33637,83333,3106,33656,83352
near_jump,3106,33690,83386,3106,33695,83391
near_jump,3106,33698,83394,3106,33676,83372
near_jump,3106,33710,83406,3106,33782,83478
far_call,3106,33723,83419,5915,4352,98992
near_jump,3106,33734,83430,3106,33756,83452
far_call,3106,33739,83435,5915,3520,98160
near_jump,3106,33753,83449,3106,33288,82984
far_call,3106,32064,81760,5915,5554,100194
near_jump,3106,32071,81767,3106,31988,81684
far_call,3106,32073,81769,5915,5592,100232
near_jump,3106,32083,81779,3106,32187,81883
far_call,3106,32085,81781,5915,5592,100232
near_jump,3106,32095,81791,3106,32183,81879
near_jump,3106,32124,81820,3106,32109,81805
near_jump,3106,32146,81842,3106,32131,81827
near_call,3106,32172,81868,3106,24624,74320
near_jump,3106,32191,81887,3106,32249,81945
near_jump,3106,32197,81893,3106,32249,81945
near_call,3106,32243,81939,3106,24624,74320
near_jump,3106,32253,81949,3106,32332,82028
near_jump,3106,32259,81955,3106,32332,82028
near_jump,3106,32265,81961,3106,32332,82028
near_call,3106,32305,82001,3106,24624,74320
near_jump,3106,32323,82019,3106,32329,82025
near_jump,3106,32327,82023,3106,32332,82028
near_jump,3106,32336,82032,3106,32341,82037
near_jump,3106,32338,82034,3106,31977,81673
near_jump,3106,32430,82126,3106,32410,82106
near_jump,3106,32437,82133,3106,32445,82141
near_jump,3106,32443,82139,3106,32458,82154
near_jump,2065,10165,43205,2065,10220,43260
near_jump,2065,10174,43214,2065,10129,43169
near_jump,2065,10180,43220,2065,10129,43169
near_jump,2065,10193,43233,2065,10118,43158
near_jump,2065,10201,43241,2065,10118,43158
near_jump,2065,10209,43249,2065,10118,43158
near_jump,2065,10218,43258,2065,10129,43169
far_call,2065,15008,48048,5915,706,95346
near_jump,2065,15019,48059,2065,15042,48082
near_jump,2065,15026,48066,2065,15042,48082
near_jump,2065,15035,48075,2065,15042,48082
near_jump,2065,15040,48080,2065,15050,48090
near_jump,3106,41548,91244,3106,41571,91267
near_jump,5915,4263,98903,5915,4289,98929
near_jump,5915,4274,98914,5915,4285,98925
near_jump,5915,4283,98923,5915,4241,98881
near_jump,5915,4287,98927,5915,4333,98973
near_jump,5915,3859,98499,5915,3864,98504
near_jump,5915,3861,98501,5915,4030,98670
near_jump,5915,3853,98493,5915,3956,98596
near_jump,5915,4639,99279,5915,4645,99285
near_jump,5915,4643,99283,5915,4617,99257
near_jump,5915,4587,99227,5915,4600,99240
near_jump,5915,4595,99235,5915,4600,99240
near_jump,5915,4598,99238,5915,4612,99252
near_jump,3106,4903,54599,3106,4923,54619
near_jump,3106,4963,54659,3106,4983,54679
near_jump,3106,4981,54677,3106,4965,54661
near_jump,3106,5011,54707,3106,5014,54710
near_jump,3106,5028,54724,3106,5036,54732
near_jump,3106,5042,54738,3106,5047,54743
near_jump,3106,5044,54740,3106,4867,54563
near_jump,3106,5076,54772,3106,5161,54857
near_jump,3106,5088,54784,3106,5161,54857
near_jump,3106,5099,54795,3106,5161,54857
near_call,3106,5155,54851,3106,22678,72374
near_jump,3106,5169,54865,3106,5230,54926
near_jump,3106,5186,54882,3106,5195,54891
near_jump,3106,5193,54889,3106,5182,54878
near_jump,3106,5210,54906,3106,5217,54913
near_jump,3106,5215,54911,3106,5206,54902
near_jump,3106,5228,54924,3106,5244,54940
near_jump,5915,1142,95782,5915,1138,95778
near_jump,5915,1146,95786,5915,1154,95794
near_jump,5915,1152,95792,5915,1115,95755
near_jump,5915,1108,95748,5915,1116,95756
near_jump,5915,1113,95753,5915,1056,95696
near_jump,0,89,89,0,94,94
near_jump,0,91,91,0,112,112
near_jump,0,116,116,0,121,121
near_jump,0,118,118,0,155,155
near_jump,0,246,246,0,251,251
near_jump,0,248,248,0,272,272
near_jump,0,1056,1056,0,1061,1061
near_jump,0,1058,1058,0,1821,1821
far_call,0,32500,32500,5915,5722,100362
near_jump,0,32510,32510,0,32515,32515
near_jump,0,32512,32512,0,32522,32522
near_jump,0,32539,32539,0,32544,32544
near_jump,0,32541,32541,0,32570,32570
far_call,0,32695,32695,5915,1528,96168
near_jump,0,32708,32708,0,32713,32713
near_jump,0,32710,32710,0,32924,32924
near_jump,5915,4793,99433,5915,4861,99501
near_jump,5915,4804,99444,5915,4860,99500
near_jump,5915,4809,99449,5915,4823,99463
near_jump,5915,6116,100756,5915,6121,100761
near_jump,5915,6178,100818,5915,6198,100838
near_jump,5915,6183,100823,5915,6193,100833
near_jump,5915,6185,100825,5915,6213,100853
near_jump,5915,6191,100831,5915,6213,100853
near_jump,3106,15636,65332,3106,15641,65337
near_jump,3106,15638,65334,3106,15476,65172
near_jump,3106,15404,65100,3106,15430,65126
near_jump,3106,24814,74510,3106,24824,74520
near_jump,3106,24819,74515,3106,24824,74520
near_jump,3106,24821,74517,3106,24978,74674
near_jump,3106,25017,74713,3106,25023,74719
near_jump,2065,11296,44336,2065,11310,44350
near_jump,2065,11307,44347,2065,11315,44355
near_jump,2065,11367,44407,2065,11384,44424
near_jump,2065,11381,44421,2065,11396,44436
far_call,3106,3778,53474,5915,706,95346
far_call,3106,3791,53487,5915,5736,100376
far_call,3106,3807,53503,5915,5736,100376
far_call,3106,3822,53518,5915,5736,100376
far_call,3106,3838,53534,5915,5736,100376
far_call,3106,3854,53550,5915,5736,100376
far_call,3106,3869,53565,5915,5736,100376
far_call,3106,3885,53581,5915,5736,100376
far_call,3106,3901,53597,5915,5736,100376
far_call,3106,3913,53609,5915,5722,100362
far_call,3106,3929,53625,5915,5736,100376
far_call,3106,3944,53640,5915,5736,100376
far_call,3106,3960,53656,5915,5736,100376
far_call,3106,3976,53672,5915,5736,100376
far_call,3106,3992,53688,5915,5736,100376
far_call,3106,4008,53704,5915,5736,100376
far_call,3106,4024,53720,5915,5736,100376
far_call,3106,4040,53736,5915,5736,100376
far_call,3106,4056,53752,5915,5736,100376
far_call,3106,4072,53768,5915,5736,100376
far_call,3106,4088,53784,5915,5736,100376
far_call,3106,4104,53800,5915,5736,100376
far_call,3106,4120,53816,5915,5736,100376
far_call,3106,4136,53832,5915,5736,100376
far_call,3106,4152,53848,5915,5736,100376
far_call,3106,4168,53864,5915,5736,100376
far_call,3106,4184,53880,5915,5736,100376
far_call,3106,4200,53896,5915,5736,100376
far_call,3106,4216,53912,5915,5736,100376
far_call,3106,4232,53928,5915,5736,100376
far_call,3106,4248,53944,5915,5736,100376
far_call,3106,4264,53960,5915,5736,100376
far_call,3106,4280,53976,5915,5736,100376
far_call,3106,4296,53992,5915,5736,100376
far_call,3106,4312,54008,5915,5736,100376
far_call,3106,4328,54024,5915,5736,100376
far_call,3106,4344,54040,5915,5736,100376
far_call,3106,4360,54056,5915,5736,100376
far_call,3106,4375,54071,5915,5736,100376
far_call,3106,4391,54087,5915,5736,100376
far_call,3106,4407,54103,5915,5736,100376
far_call,3106,4423,54119,5915,5736,100376
far_call,3106,4439,54135,5915,5736,100376
far_call,3106,4455,54151,5915,5736,100376
far_call,3106,4471,54167,5915,5736,100376
near_call,3106,13551,63247,3106,4,49700
near_jump,3106,13592,63288,3106,13597,63293
near_jump,3106,13594,63290,3106,13726,63422
near_jump,3106,10636,60332,3106,10648,60344
near_jump,3106,10643,60339,3106,10648,60344
near_jump,3106,10645,60341,3106,11006,60702
near_jump,3106,11015,60711,3106,11027,60723
near_jump,3106,11022,60718,3106,11027,60723
near_jump,3106,11024,60720,3106,11290,60986
near_jump,3106,11294,60990,3106,11422,61118
near_jump,3106,11296,60992,3106,11305,61001
near_jump,3106,11303,60999,3106,11422,61118
near_jump,3106,11309,61005,3106,11422,61118
near_jump,3106,11311,61007,3106,11320,61016
near_jump,3106,11318,61014,3106,11422,61118
far_call,3106,11372,61068,2065,9746,42786
far_call,3106,11393,61089,2065,9746,42786
far_call,3106,11414,61110,2065,9746,42786
near_jump,3106,11426,61122,3106,11431,61127
near_jump,3106,11428,61124,3106,12000,61696
near_jump,3106,23129,72825,3106,23134,72830
near_jump,3106,23131,72827,3106,22963,72659
near_jump,5782,911,93423,5782,988,93500
near_jump,5782,949,93461,5782,924,93436
near_jump,5782,957,93469,5782,981,93493
near_jump,5782,904,93416,5782,870,93382
far_call,2065,2837,35877,5915,6772,101412
near_jump,2065,2884,35924,2065,2891,35931
near_jump,2065,2897,35937,2065,2902,35942
near_jump,2065,2905,35945,2065,2910,35950
near_jump,2065,2916,35956,2065,2921,35961
near_jump,2065,2930,35970,2065,2935,35975
near_jump,2065,2963,36003,2065,2990,36030
near_jump,2065,2995,36035,2065,3076,36116
near_jump,2065,3002,36042,2065,3046,36086
near_jump,2065,3043,36083,2065,3158,36198
near_jump,2065,657,33697,2065,703,33743
near_jump,2065,707,33747,2065,723,33763
near_jump,2065,785,33825,2065,797,33837
near_jump,2065,856,33896,2065,912,33952
near_jump,2065,897,33937,2065,908,33948
near_jump,2065,905,33945,2065,858,33898
near_jump,3106,27391,77087,3106,27396,77092
near_jump,3106,27393,77089,3106,27635,77331
near_jump,3106,27720,77416,3106,27731,77427
near_jump,3106,27726,77422,3106,27731,77427
near_jump,3106,27728,77424,3106,28015,77711
near_jump,3106,2714,52410,3106,2721,52417
near_jump,3106,2855,52551,3106,2863,52559
near_call,3106,2877,52573,3106,3012,52708
near_jump,3106,2895,52591,3106,2892,52588
near_jump,3106,2903,52599,3106,2900,52596
near_jump,3106,2911,52607,3106,2908,52604
near_jump,3106,2981,52677,3106,2978,52674
near_jump,3106,2989,52685,3106,2986,52682
near_jump,3106,3001,52697,3106,2998,52694
near_jump,3106,36056,85752,3106,35980,85676
near_jump,3106,36067,85763,3106,36140,85836
near_jump,3106,35631,85327,3106,35636,85332
near_jump,3106,35633,85329,3106,35104,84800
near_jump,3106,37728,87424,3106,37733,87429
near_jump,3106,37730,87426,3106,38627,88323
near_jump,3106,38632,88328,3106,38655,88351
near_call,3106,38649,88345,3106,2146,51842
near_call,3106,38679,88375,3106,3464,53160
near_jump,3106,20318,70014,3106,20356,70052
near_jump,3106,20326,70022,3106,20334,70030
near_jump,3106,20340,70036,3106,20348,70044
near_jump,3106,20354,70050,3106,20273,69969
near_jump,3106,20544,70240,3106,20556,70252
near_jump,3106,20551,70247,3106,20556,70252
near_jump,3106,20553,70249,3106,21136,70832
near_jump,3106,21177,70873,3106,19942,69638
near_jump,3106,42149,91845,3106,42225,91921
near_jump,3106,42165,91861,3106,42225,91921
near_call,3106,42219,91915,3106,22678,72374
near_jump,3106,42351,92047,3106,42360,92056
near_jump,3106,42358,92054,3106,42247,91943
near_jump,3106,40885,90581,3106,40844,90540
near_call,3106,40892,90588,3106,2146,51842
near_jump,3106,19408,69104,3106,19520,69216
near_jump,3106,19427,69123,3106,19464,69160
near_jump,3106,19457,69153,3106,19462,69158
near_jump,3106,19481,69177,3106,19518,69214
near_jump,3106,19511,69207,3106,19516,69212
near_jump,3106,19518,69214,3106,19400,69096
near_jump,3106,19155,68851,3106,19070,68766
near_jump,3106,19181,68877,3106,19195,68891
near_jump,3106,19188,68884,3106,19195,68891
near_jump,3106,19220,68916,3106,19237,68933
near_jump,3106,19227,68923,3106,19237,68933
near_jump,3106,19262,68958,3106,19279,68975
near_jump,3106,19269,68965,3106,19279,68975
near_jump,3106,19304,69000,3106,19309,69005
near_jump,3106,19306,69002,3106,19078,68774
near_jump,3106,406,50102,3106,426,50122
near_jump,3106,466,50162,3106,486,50182
near_jump,3106,484,50180,3106,468,50164
near_jump,3106,517,50213,3106,523,50219
near_jump,3106,537,50233,3106,545,50241
near_jump,3106,551,50247,3106,556,50252
near_jump,3106,553,50249,3106,370,50066
near_jump,3106,581,50277,3106,228,49924
near_jump,3106,1629,51325,3106,1640,51336
near_jump,3106,1636,51332,3106,781,50477
near_jump,3106,29402,79098,3106,29386,79082
near_jump,3106,29430,79126,3106,29409,79105
far_call,3106,29450,79146,5915,5244,99884
near_call,3106,29469,79165,3106,24624,74320
far_call,3106,29489,79185,5915,6618,101258
near_jump,3106,29507,79203,3106,29517,79213
near_call,3106,29526,79222,3106,31346,81042
near_call,3106,29551,79247,3106,24624,74320
near_jump,3106,29567,79263,3106,29572,79268
near_jump,3106,29569,79265,3106,31020,80716
near_jump,3106,14132,63828,3106,14162,63858
far_call,3106,14146,63842,5915,4118,98758
near_jump,3106,14159,63855,3106,14089,63785
far_call,3106,14416,64112,5915,3552,98192
far_call,3106,14435,64131,5915,4118,98758
far_call,3106,14454,64150,5915,4118,98758
far_call,3106,14473,64169,5915,4118,98758
far_call,3106,14492,64188,5915,4118,98758
far_call,3106,14511,64207,5915,4118,98758
far_call,3106,14530,64226,5915,4118,98758
far_call,3106,14565,64261,5915,3520,98160
near_jump,3106,14597,64293,3106,14603,64299
near_call,3106,14600,64296,3106,18492,68188
near_jump,3106,14608,64304,3106,14613,64309
near_jump,3106,14610,64306,3106,15270,64966
near_jump,3106,14329,64025,3106,14360,64056
near_jump,3106,14337,64033,3106,14344,64040
near_jump,3106,34976,84672,3106,34989,84685
near_call,3106,34983,84679,3106,3464,53160
near_jump,3106,34997,84693,3106,35007,84703
near_jump,3106,34668,84364,3106,34673,84369
near_jump,3106,34670,84366,3106,34971,84667
near_call,3106,25585,75281,3106,24624,74320
far_call,3106,25594,75290,5915,3520,98160
near_jump,3106,25390,75086,3106,25395,75091
near_jump,3106,25392,75088,3106,25552,75248
near_jump,3106,33837,83533,3106,33619,83315
far_call,3106,33769,83465,5915,5736,100376
near_call,3106,32026,81722,3106,24624,74320
near_call,3106,32058,81754,3106,24624,74320
near_jump,3106,32412,82108,3106,32432,82128
near_jump,3106,32463,82159,3106,32476,82172
near_jump,2065,10230,43270,2065,10242,43282
near_jump,2065,10248,43288,2065,10461,43501
near_jump,2065,10139,43179,2065,10153,43193
near_jump,2065,15072,48112,2065,15076,48116
near_jump,2065,15102,48142,2065,15166,48206
near_jump,2065,15136,48176,2065,15150,48190
near_jump,2065,15146,48186,2065,15129,48169
near_jump,2065,15148,48188,2065,15163,48203
near_jump,5915,4300,98940,5915,4241,98881
near_jump,5915,4304,98944,5915,4331,98971
near_jump,5915,4310,98950,5915,4343,98983
near_jump,5915,4329,98969,5915,4338,98978
near_jump,5915,4336,98976,5915,4232,98872
near_jump,5915,3867,98507,5915,3872,98512
near_jump,5915,3869,98509,5915,4030,98670
near_jump,5915,4647,99287,5915,4617,99257
near_jump,5915,4654,99294,5915,4666,99306
near_jump,5915,4661,99301,5915,4666,99306
near_jump,5915,4664,99304,5915,4617,99257
near_jump,5915,4604,99244,5915,4612,99252
near_jump,3106,5047,54743,3106,5071,54767
near_jump,3106,5248,54944,3106,5266,54962
near_call,3106,5260,54956,3106,22056,71752
near_jump,3106,5271,54967,3106,5324,55020
near_jump,3106,5321,55017,3106,4702,54398
near_jump,5915,1160,95800,5915,1056,95696
near_jump,5915,1165,95805,5915,1116,95756
near_jump,0,109,109,0,74,74
far_call,0,133,133,5915,5200,99840
near_jump,0,144,144,0,149,149
near_jump,0,146,146,0,155,155
near_jump,0,261,261,0,266,266
near_jump,0,263,263,0,272,272
near_jump,0,277,277,0,282,282
near_jump,0,279,279,0,303,303
near_jump,0,1070,1070,0,1639,1639
far_call,0,1837,1837,2065,8,33048
near_jump,0,1856,1856,0,1861,1861
near_jump,0,1858,1858,0,1898,1898
near_jump,0,32519,32519,0,32486,32486
far_call,0,32548,32548,5915,5722,100362
near_jump,0,32558,32558,0,32563,32563
near_jump,0,32560,32560,0,32570,32570
near_jump,0,32718,32718,0,32723,32723
near_jump,0,32720,32720,0,32886,32886
far_call,0,32928,32928,3106,22530,72226
far_call,0,32940,32940,3106,22530,72226
far_call,0,32952,32952,3106,22530,72226
near_jump,0,32965,32965,0,32970,32970
near_jump,0,32967,32967,0,32982,32982
near_jump,5915,6203,100843,5915,6193,100833
near_jump,5915,6205,100845,5915,6213,100853
near_jump,5915,6211,100851,5915,6193,100833
near_jump,3106,15481,65177,3106,15486,65182
near_jump,3106,15483,65179,3106,15619,65315
near_jump,3106,24829,74525,3106,24851,74547
near_jump,3106,24840,74536,3106,24851,74547
near_call,3106,24845,74541,3106,40900,90596
near_jump,3106,24856,74552,3106,24892,74588
near_jump,3106,24872,74568,3106,24892,74588
near_call,3106,24883,74579,3106,22406,72102
near_jump,3106,24889,74585,3106,24973,74669
near_jump,3106,25027,74723,3106,25108,74804
far_call,3106,25045,74741,5915,5736,100376
near_jump,3106,25069,74765,3106,25077,74773
near_jump,3106,25106,74802,3106,25020,74716
near_jump,2065,11404,44444,2065,11420,44460
near_jump,2065,11418,44458,2065,11432,44472
near_jump,3106,13597,63293,3106,13626,63322
near_jump,3106,13601,63297,3106,13612,63308
near_jump,3106,13605,63301,3106,13700,63396
near_jump,3106,13607,63303,3106,13626,63322
near_jump,3106,13741,63437,3106,13620,63316
near_jump,3106,10676,60372,3106,10683,60379
far_call,3106,10697,60393,5915,5736,100376
far_call,3106,10715,60411,5915,5736,100376
far_call,3106,10731,60427,5915,5736,100376
far_call,3106,10749,60445,5915,5736,100376
near_jump,3106,10788,60484,3106,10794,60490
near_jump,3106,10792,60488,3106,10798,60494
near_jump,3106,11031,60727,3106,11036,60732
near_jump,3106,11033,60729,3106,11290,60986
near_jump,3106,11431,61127,3106,11443,61139
near_jump,3106,11438,61134,3106,11443,61139
near_jump,3106,11440,61136,3106,12000,61696
near_jump,3106,12004,61700,3106,12009,61705
near_jump,3106,12006,61702,3106,12273,61969
near_jump,3106,23138,72834,3106,23143,72839
near_jump,3106,23140,72836,3106,22963,72659
near_jump,5782,1022,93534,5782,998,93510
near_jump,5782,1058,93570,5782,1035,93547
near_jump,5782,1087,93599,5782,1071,93583
far_call,5782,1093,93605,5915,6574,101214
far_call,5782,1108,93620,5915,6614,101254
far_call,5782,1125,93637,5915,6592,101232
far_call,5782,1133,93645,5915,6616,101256
far_call,5782,1141,93653,5915,6574,101214
far_call,5782,1156,93668,5915,6614,101254
far_call,5782,1172,93684,5915,6592,101232
far_call,5782,1180,93692,5915,6616,101256
far_call,5782,1189,93701,5915,6574,101214
far_call,5782,1214,93726,3106,13912,63608
far_call,5782,1248,93760,3106,15326,65022
far_call,5782,1256,93768,3106,22056,71752
far_call,5782,1267,93779,3106,22924,72620
far_call,5782,1275,93787,3106,4480,54176
far_call,5782,1284,93796,3106,22924,72620
far_call,5782,1300,93812,5915,5736,100376
far_call,5782,1315,93827,5915,5736,100376
far_call,5782,1331,93843,5915,5736,100376
far_call,5782,1347,93859,5915,5736,100376
near_jump,5782,1361,93873,5782,1358,93870
near_jump,5782,1366,93878,5782,1363,93875
far_call,5782,1372,93884,3106,22056,71752
near_jump,5782,1385,93897,5782,1395,93907
far_call,5782,1387,93899,3106,25608,75304
near_jump,5782,1401,93913,5782,1478,93990
near_jump,5782,986,93498,5782,960,93472
near_jump,2065,3081,36121,2065,3120,36160
near_jump,2065,3118,36158,2065,3034,36074
near_jump,2065,3073,36113,2065,3152,36192
near_jump,2065,3193,36233,2065,5196,38236
near_jump,2065,918,33958,2065,974,34014
near_jump,2065,959,33999,2065,970,34010
near_jump,2065,967,34007,2065,920,33960
near_jump,2065,908,33948,2065,1113,34153
near_jump,3106,27399,77095,3106,27404,77100
near_jump,3106,27401,77097,3106,27635,77331
near_jump,3106,27765,77461,3106,27770,77466
near_jump,3106,27767,77463,3106,28015,77711
far_call,3106,36004,85700,2065,14632,47672
far_call,3106,36038,85734,2065,14632,47672
near_jump,3106,36146,85842,3106,36070,85766
near_jump,3106,36157,85853,3106,36208,85904
near_call,3106,35641,85337,3106,2146,51842
far_call,3106,35705,85401,2065,14632,47672
near_jump,3106,35718,85414,3106,35728,85424
near_jump,3106,35111,84807,3106,35118,84814
near_jump,3106,35124,84820,3106,35121,84817
near_jump,3106,35129,84825,3106,35126,84822
near_jump,3106,35135,84831,3106,35208,84904
near_jump,3106,35206,84902,3106,35277,84973
near_call,3106,37738,87434,3106,2146,51842
near_jump,3106,37747,87443,3106,38464,88160
near_jump,3106,20362,70058,3106,20370,70066
near_jump,3106,20376,70072,3106,20384,70080
near_jump,3106,20390,70086,3106,20398,70094
near_jump,3106,20560,70256,3106,20617,70313
near_jump,3106,20562,70258,3106,20571,70267
near_jump,3106,20569,70265,3106,20617,70313
near_jump,3106,20581,70277,3106,20594,70290
near_call,3106,20588,70284,3106,2146,51842
near_jump,3106,20598,70294,3106,20611,70307
near_call,3106,20605,70301,3106,2146,51842
near_jump,3106,20623,70319,3106,20628,70324
near_jump,3106,20625,70321,3106,21136,70832
near_jump,3106,42365,92061,3106,42450,92146
near_jump,3106,42377,92073,3106,42450,92146
near_jump,3106,42388,92084,3106,42450,92146
near_call,3106,42444,92140,3106,22678,72374
near_jump,3106,42251,91947,3106,42344,92040
near_jump,3106,42341,92037,3106,42244,91940
near_jump,3106,40850,90546,3106,40887,90583
near_jump,3106,40860,90556,3106,40870,90566
near_jump,3106,19557,69253,3106,19570,69266
near_jump,3106,19565,69261,3106,19570,69266
near_jump,3106,19567,69263,3106,19825,69521
near_jump,3106,19314,69010,3106,19319,69015
near_jump,3106,19316,69012,3106,19078,68774
near_jump,3106,556,50252,3106,228,49924
near_jump,3106,1645,51341,3106,1652,51348
near_jump,3106,1650,51346,3106,1662,51358
near_jump,3106,785,50481,3106,790,50486
near_jump,3106,787,50483,3106,1622,51318
near_jump,3106,29389,79085,3106,29404,79100
near_jump,3106,29572,79268,3106,29583,79279
near_jump,3106,29578,79274,3106,29583,79279
near_jump,3106,29580,79276,3106,31020,80716
far_call,3106,31020,80716,5915,6534,101174
near_jump,3106,31036,80732,3106,31132,80828
near_jump,3106,31040,80736,3106,31054,80750
near_jump,3106,31043,80739,3106,31114,80810
near_jump,3106,31046,80742,3106,31120,80816
near_jump,3106,31049,80745,3106,31126,80822
near_jump,3106,31051,80747,3106,31172,80868
far_call,3106,14165,63861,5915,3520,98160
near_call,3106,14189,63885,3106,15276,64972
near_call,3106,14203,63899,3106,15276,64972
near_call,3106,14217,63913,3106,15276,64972
near_jump,3106,14093,63789,3106,14124,63820
near_jump,3106,14121,63817,3106,14086,63782
near_jump,3106,14618,64314,3106,14640,64336
near_call,3106,14634,64330,3106,15276,64972
near_jump,3106,14645,64341,3106,14650,64346
near_jump,3106,14647,64343,3106,15270,64966
near_call,3106,34690,84386,3106,35014,84710
near_jump,3106,34701,84397,3106,34706,84402
near_jump,3106,34703,84399,3106,34961,84657
near_jump,3106,25404,75100,3106,25468,75164
near_jump,3106,25410,75106,3106,25454,75150
near_jump,3106,25416,75112,3106,25454,75150
near_jump,3106,25424,75120,3106,25432,75128
near_jump,3106,25430,75126,3106,25443,75139
near_jump,3106,32504,82200,3106,32486,82182
near_call,3106,32526,82222,3106,24624,74320
near_jump,2065,10470,43510,2065,10475,43515
near_jump,2065,10472,43512,2065,10252,43292
near_jump,2065,15170,48210,2065,15242,48282
near_jump,2065,15222,48262,2065,15227,48267
near_jump,2065,15233,48273,2065,15220,48260
near_jump,2065,15252,48292,2065,15257,48297
near_jump,2065,15254,48294,2065,15954,48994
near_jump,2065,15161,48201,2065,15129,48169
near_jump,2065,15164,48204,2065,15042,48082
near_jump,5915,4347,98987,5915,4312,98952
near_jump,5915,4349,98989,5915,4285,98925
near_jump,5915,4341,98981,5915,4235,98875
near_jump,5915,3893,98533,5915,3916,98556
near_jump,5915,3899,98539,5915,3916,98556
near_jump,5915,3925,98565,5915,4030,98670
near_jump,5915,4670,99310,5915,4617,99257
near_jump,3106,5376,55072,3106,5318,55014
near_jump,0,292,292,0,297,297
near_jump,0,294,294,0,303,303
near_jump,0,337,337,0,342,342
near_jump,0,339,339,0,348,348
near_jump,0,1643,1643,0,1648,1648
near_jump,0,1645,1645,0,1706,1706
near_jump,0,1866,1866,0,1871,1871
near_jump,0,1868,1868,0,1898,1898
near_jump,0,1909,1909,0,1914,1914
near_jump,0,1911,1911,0,1999,1999
near_jump,0,32567,32567,0,32534,32534
near_jump,0,32728,32728,0,32733,32733
near_jump,0,32730,32730,0,32755,32755
far_call,0,32974,32974,3106,22530,72226
near_jump,0,32987,32987,0,32992,32992
near_jump,0,32989,32989,0,33004,33004
near_jump,3106,15537,65233,3106,15491,65187
near_call,3106,15613,65309,3106,18099,67795
near_jump,3106,24897,74593,3106,24973,74669
near_jump,3106,24913,74609,3106,24973,74669
near_call,3106,24967,74663,3106,22678,72374
near_jump,3106,25111,74807,3106,24750,74446
near_jump,2065,11438,44478,2065,11448,44488
near_jump,2065,11446,44486,2065,11454,44494
near_jump,3106,13693,63389,3106,13772,63468
near_jump,3106,13698,63394,3106,13747,63443
near_jump,3106,13724,63420,3106,13626,63322
near_jump,3106,10802,60498,3106,10902,60598
near_jump,3106,10804,60500,3106,10813,60509
near_jump,3106,10811,60507,3106,10902,60598
far_call,3106,10860,60556,2065,10480,43520
far_call,3106,10891,60587,2065,10480,43520
near_jump,3106,10899,60595,3106,10987,60683
near_jump,3106,11036,60732,3106,11048,60744
near_jump,3106,11043,60739,3106,11048,60744
near_jump,3106,11045,60741,3106,11290,60986
near_jump,3106,11447,61143,3106,11569,61265
near_jump,3106,11454,61150,3106,11464,61160
near_jump,3106,11461,61157,3106,11469,61165
near_jump,3106,12024,61720,3106,12029,61725
near_jump,3106,12026,61722,3106,12273,61969
near_jump,3106,12277,61973,3106,12282,61978
near_jump,3106,12279,61975,3106,12557,62253
near_jump,3106,23177,72873,3106,23182,72878
near_jump,3106,23179,72875,3106,22963,72659
near_jump,5782,1483,93995,5782,1404,93916
far_call,5782,1488,94000,3106,22056,71752
far_call,5782,1500,94012,3106,22924,72620
far_call,5782,1526,94038,5915,5736,100376
far_call,5782,1542,94054,5915,5736,100376
far_call,5782,1558,94070,5915,5736,100376
far_call,5782,1574,94086,5915,5736,100376
far_call,5782,1586,94098,3106,22056,71752
near_jump,5782,1594,94106,5782,1838,94350
near_jump,2065,5203,38243,2065,5208,38248
near_jump,2065,5205,38245,2065,3196,36236
near_jump,2065,1006,34046,2065,1056,34096
near_jump,2065,1037,34077,2065,1104,34144
near_jump,2065,1054,34094,2065,988,34028
near_jump,2065,970,34010,2065,1113,34153
near_jump,2065,1119,34159,2065,1124,34164
near_jump,2065,1121,34161,2065,1495,34535
near_jump,3106,27404,77100,3106,27435,77131
far_call,3106,27428,77124,2065,14632,47672
near_jump,3106,27439,77135,3106,27472,77168
far_call,3106,27465,77161,2065,14632,47672
near_jump,3106,27476,77172,3106,27512,77208
far_call,3106,27505,77201,2065,14632,47672
near_jump,3106,27516,77212,3106,27552,77248
far_call,3106,27545,77241,2065,14632,47672
near_jump,3106,27556,77252,3106,27592,77288
far_call,3106,27585,77281,2065,14632,47672
near_jump,3106,27596,77292,3106,27635,77331
far_call,3106,27628,77324,2065,14632,47672
near_jump,3106,27773,77469,3106,27778,77474
near_jump,3106,27775,77471,3106,28015,77711
far_call,3106,36094,85790,2065,14632,47672
far_call,3106,36128,85824,2065,14632,47672
near_jump,3106,36214,85910,3106,36228,85924
near_jump,3106,36225,85921,3106,36164,85860
far_call,3106,35278,84974,2065,14632,47672
near_jump,3106,35297,84993,3106,35318,85014
near_jump,3106,35329,85025,3106,35337,85033
near_jump,3106,35335,85031,3106,35445,85141
near_jump,3106,35341,85037,3106,35348,85044
far_call,3106,35403,85099,2065,14632,47672
near_call,3106,35416,85112,3106,2146,51842
near_jump,3106,35425,85121,3106,35434,85130
near_jump,3106,35456,85152,3106,35465,85161
near_jump,3106,35463,85159,3106,35578,85274
near_jump,3106,35470,85166,3106,35477,85173
far_call,3106,35532,85228,2065,14632,47672
near_call,3106,35545,85241,3106,2146,51842
near_jump,3106,35560,85256,3106,35567,85263
near_jump,3106,35608,85304,3106,35627,85323
near_jump,3106,35614,85310,3106,35627,85323
near_jump,3106,38467,88163,3106,38498,88194
near_jump,3106,20633,70329,3106,20706,70402
near_jump,3106,20645,70341,3106,20653,70349
near_jump,3106,20677,70373,3106,20691,70387
near_call,3106,20700,70396,3106,22056,71752
near_jump,3106,20711,70407,3106,20716,70412
near_jump,3106,20713,70409,3106,21136,70832
near_jump,3106,19605,69301,3106,19610,69306
near_jump,3106,19607,69303,3106,19821,69517
near_jump,3106,19319,69015,3106,19070,68766
near_jump,3106,1657,51353,3106,1670,51366
near_call,3106,1664,51360,3106,2146,51842
near_jump,3106,1699,51395,3106,1722,51418
near_jump,3106,820,50516,3106,853,50549
near_jump,3106,827,50523,3106,853,50549
near_jump,3106,858,50554,3106,863,50559
near_jump,3106,860,50556,3106,1032,50728
near_jump,3106,29588,79284,3106,29593,79289
near_jump,3106,29590,79286,3106,31020,80716
near_jump,3106,31134,80830,3106,31156,80852
near_jump,3106,31137,80833,3106,31142,80838
near_jump,3106,31139,80835,3106,31322,81018
far_call,3106,31062,80758,5915,5150,99790
near_jump,3106,31075,80771,3106,31089,80785
near_jump,3106,31117,80813,3106,31159,80855
near_jump,3106,31123,80819,3106,31159,80855
near_jump,3106,31129,80825,3106,31159,80855
far_call,3106,31190,80886,5915,5244,99884
near_call,3106,31209,80905,3106,24624,74320
far_call,3106,31218,80914,5915,3520,98160
far_call,3106,31234,80930,5915,5632,100272
far_call,3106,31260,80956,5915,5244,99884
near_call,3106,31279,80975,3106,24624,74320
near_jump,3106,31296,80992,3106,31340,81036
near_jump,3106,31303,80999,3106,31340,81036
near_jump,3106,31310,81006,3106,31340,81036
near_jump,3106,31317,81013,3106,31340,81036
near_jump,3106,31319,81015,3106,31291,80987
near_jump,3106,14692,64388,3106,14655,64351
near_call,3106,14772,64468,3106,18099,67795
near_jump,3106,14820,64516,3106,14783,64479
near_jump,3106,14864,64560,3106,14827,64523
near_call,3106,14959,64655,3106,18099,67795
near_jump,3106,15007,64703,3106,14970,64666
near_jump,3106,15051,64747,3106,15014,64710
near_call,3106,15146,64842,3106,18099,67795
near_call,3106,15162,64858,3106,15276,64972
near_call,3106,15178,64874,3106,15276,64972
near_call,3106,15194,64890,3106,15276,64972
near_call,3106,15210,64906,3106,15276,64972
near_call,3106,15226,64922,3106,15276,64972
near_call,3106,15242,64938,3106,15276,64972
near_call,3106,15264,64960,3106,15276,64972
near_jump,3106,34706,84402,3106,34767,84463
near_call,3106,34709,84405,3106,40230,89926
near_jump,3106,34717,84413,3106,34767,84463
near_jump,3106,34725,84421,3106,34734,84430
near_jump,3106,34732,84428,3106,34747,84443
near_jump,3106,34738,84434,3106,34767,84463
near_jump,3106,34745,84441,3106,34767,84463
near_call,3106,34752,84448,3106,2146,51842
near_call,3106,34759,84455,3106,38692,88388
near_jump,3106,34772,84468,3106,34794,84490
near_call,3106,34779,84475,3106,38996,88692
near_jump,3106,34787,84483,3106,34794,84490
near_jump,3106,34799,84495,3106,34842,84538
near_jump,3106,34806,84502,3106,34822,84518
near_call,3106,34813,84509,3106,2146,51842
near_jump,3106,34819,84515,3106,34842,84538
near_jump,3106,25476,75172,3106,25526,75222
near_call,3106,25511,75207,3106,24624,74320
near_jump,3106,25437,75133,3106,25454,75150
near_jump,3106,25451,75147,3106,25465,75161
near_jump,2065,10259,43299,2065,10264,43304
near_jump,2065,10261,43301,2065,10458,43498
near_jump,2065,15291,48331,2065,15302,48342
near_jump,2065,15959,48999,2065,15964,49004
near_jump,2065,15961,49001,2065,16148,49188
near_jump,0,353,353,0,358,358
near_jump,0,355,355,0,555,555
near_jump,0,1724,1724,0,1729,1729
near_jump,0,1726,1726,0,1818,1818
near_jump,0,1876,1876,0,1881,1881
near_jump,0,1878,1878,0,1898,1898
near_jump,0,1951,1951,0,1956,1956
near_jump,0,1953,1953,0,1962,1962
near_jump,0,2033,2033,0,2038,2038
near_jump,0,2035,2035,0,2092,2092
near_jump,0,32738,32738,0,32743,32743
near_jump,0,32740,32740,0,32755,32755
near_jump,0,32760,32760,0,32765,32765
near_jump,0,32762,32762,0,32799,32799
far_call,0,32996,32996,3106,22364,72060
near_jump,0,33009,33009,0,33014,33014
near_jump,0,33011,33011,0,33026,33026
far_call,3106,18105,67801,5915,706,95346
near_call,3106,18130,67826,3106,15276,64972
near_call,3106,18150,67846,3106,15276,64972
near_call,3106,18171,67867,3106,15276,64972
near_jump,3106,18181,67877,3106,18188,67884
near_jump,3106,18192,67888,3106,18199,67895
near_jump,3106,18203,67899,3106,18210,67906
near_jump,3106,18214,67910,3106,18221,67917
near_jump,3106,18225,67921,3106,18232,67928
near_jump,3106,18236,67932,3106,18243,67939
near_jump,3106,18247,67943,3106,18254,67950
near_jump,3106,18258,67954,3106,18265,67961
near_jump,3106,18269,67965,3106,18276,67972
near_call,3106,18291,67987,3106,15276,64972
near_call,3106,18312,68008,3106,15276,64972
near_call,3106,18333,68029,3106,15276,64972
near_call,3106,18354,68050,3106,15276,64972
near_call,3106,18375,68071,3106,15276,64972
near_call,3106,18400,68096,3106,15276,64972
near_call,3106,18421,68117,3106,15276,64972
near_call,3106,18442,68138,3106,15276,64972
near_call,3106,18463,68159,3106,15276,64972
near_call,3106,18484,68180,3106,15276,64972
near_jump,2065,11460,44500,2065,11470,44510
near_jump,2065,11468,44508,2065,11476,44516
near_jump,3106,13806,63502,3106,13814,63510
near_jump,3106,13831,63527,3106,13839,63535
near_call,3106,13847,63543,3106,3464,53160
near_call,3106,13903,63599,3106,25666,75362
near_jump,3106,13752,63448,3106,13772,63468
near_jump,3106,13769,63465,3106,13744,63440
far_call,3106,10918,60614,2065,9746,42786
near_jump,3106,10931,60627,3106,10940,60636
near_jump,3106,10938,60634,3106,10945,60641
near_call,3106,11000,60696,3106,42752,92448
far_call,3106,11062,60758,5915,5736,100376
far_call,3106,11080,60776,5915,5736,100376
far_call,3106,11096,60792,5915,5736,100376
far_call,3106,11114,60810,5915,5736,100376
near_jump,3106,11153,60849,3106,11160,60856
near_jump,3106,11157,60853,3106,11164,60860
near_jump,3106,11573,61269,3106,11578,61274
near_jump,3106,11575,61271,3106,11826,61522
near_jump,3106,11479,61175,3106,11486,61182
far_call,3106,11520,61216,2065,14632,47672
far_call,3106,11558,61254,2065,14632,47672
near_jump,3106,12029,61725,3106,12039,61735
near_jump,3106,12034,61730,3106,12039,61735
near_jump,3106,12036,61732,3106,12273,61969
near_jump,3106,12297,61993,3106,12302,61998
near_jump,3106,12299,61995,3106,12557,62253
near_jump,3106,12568,62264,3106,12620,62316
near_jump,3106,12574,62270,3106,12588,62284
near_jump,3106,12579,62275,3106,12598,62294
near_jump,3106,12586,62282,3106,12598,62294
near_jump,3106,23187,72883,3106,23273,72969
near_jump,3106,23206,72902,3106,23225,72921
near_jump,5782,1409,93921,5782,1485,93997
near_jump,5782,1416,93928,5782,1485,93997
near_jump,5782,1423,93935,5782,1485,93997
near_jump,5782,1435,93947,5782,1485,93997
near_jump,5782,1448,93960,5782,1458,93970
near_jump,5782,1463,93975,5782,1478,93990
near_jump,5782,1843,94355,5782,1848,94360
near_jump,5782,1845,94357,5782,1598,94110
near_jump,2065,5213,38253,2065,5599,38639
near_jump,2065,3228,36268,2065,3235,36275
near_jump,2065,3274,36314,2065,3285,36325
near_jump,2065,3306,36346,2065,3311,36351
near_jump,2065,3308,36348,2065,3475,36515
near_jump,2065,1085,34125,2065,1110,34150
near_jump,2065,1102,34142,2065,988,34028
near_jump,2065,1107,34147,2065,1113,34153
near_jump,2065,1148,34188,2065,1152,34192
near_jump,2065,1195,34235,2065,1199,34239
near_jump,2065,1231,34271,2065,1235,34275
near_jump,2065,1253,34293,2065,1257,34297
near_jump,2065,1320,34360,2065,1352,34392
near_jump,2065,1349,34389,2065,1376,34416
near_jump,2065,1499,34539,2065,1504,34544
near_jump,2065,1501,34541,2065,1864,34904
near_jump,3106,27778,77474,3106,27810,77506
far_call,3106,27802,77498,2065,14632,47672
near_jump,3106,27814,77510,3106,27848,77544
far_call,3106,27840,77536,2065,14632,47672
near_jump,3106,27852,77548,3106,27889,77585
far_call,3106,27881,77577,2065,14632,47672
near_jump,3106,27893,77589,3106,27930,77626
far_call,3106,27922,77618,2065,14632,47672
near_jump,3106,27934,77630,3106,27971,77667
far_call,3106,27963,77659,2065,14632,47672
near_jump,3106,27975,77671,3106,28015,77711
far_call,3106,28007,77703,2065,14632,47672
near_jump,3106,36170,85866,3106,36204,85900
far_call,3106,36194,85890,2065,14632,47672
near_jump,3106,36202,85898,3106,36160,85856
near_call,3106,38529,88225,3106,24624,74320
near_jump,3106,38588,88284,3106,38606,88302
near_jump,3106,38599,88295,3106,38606,88302
near_call,3106,38621,88317,3106,24624,74320
near_jump,3106,20720,70416,3106,20725,70421
near_jump,3106,20722,70418,3106,21136,70832
near_jump,3106,19615,69311,3106,19620,69316
near_jump,3106,19617,69313,3106,19821,69517
near_call,3106,19822,69518,3106,42456,92152
near_jump,3106,1726,51422,3106,1702,51398
near_jump,3106,868,50564,3106,873,50569
near_jump,3106,870,50566,3106,1032,50728
near_jump,3106,1102,50798,3106,1113,50809
near_jump,3106,1118,50814,3106,1129,50825
near_jump,3106,1134,50830,3106,1145,50841
near_jump,3106,1150,50846,3106,1161,50857
near_jump,3106,1166,50862,3106,1177,50873
near_jump,3106,1182,50878,3106,1193,50889
near_jump,3106,1198,50894,3106,1209,50905
near_jump,3106,1214,50910,3106,1229,50925
near_jump,3106,1234,50930,3106,1245,50941
near_jump,3106,1250,50946,3106,1265,50961
near_jump,3106,1270,50966,3106,1281,50977
near_jump,3106,1286,50982,3106,1297,50993
near_jump,3106,1302,50998,3106,1313,51009
near_jump,3106,1318,51014,3106,1329,51025
near_jump,3106,1334,51030,3106,1345,51041
near_jump,3106,1350,51046,3106,1361,51057
near_jump,3106,1366,51062,3106,1377,51073
near_jump,3106,1382,51078,3106,1397,51093
near_jump,3106,1402,51098,3106,1417,51113
near_jump,3106,1422,51118,3106,1433,51129
near_jump,3106,1438,51134,3106,1449,51145
near_jump,3106,1454,51150,3106,1465,51161
near_jump,3106,1470,51166,3106,1481,51177
near_jump,3106,1521,51217,3106,1526,51222
near_jump,3106,1523,51219,3106,778,50474
near_jump,3106,29598,79294,3106,29604,79300
near_call,3106,29601,79297,3106,31680,81376
near_jump,3106,29609,79305,3106,29654,79350
near_jump,3106,29631,79327,3106,29616,79312
near_jump,3106,29651,79347,3106,31185,80881
far_call,3106,31164,80860,5915,5150,99790
near_jump,3106,31143,80839,3106,31148,80844
near_jump,3106,31145,80841,3106,31328,81024
near_jump,3106,31325,81021,3106,31159,80855
near_jump,3106,31104,80800,3106,31078,80774
near_jump,3106,31111,80807,3106,31172,80868
far_call,3106,40236,89932,5915,706,95346
near_jump,3106,40246,89942,3106,40256,89952
near_jump,3106,40253,89949,3106,40261,89957
far_call,3106,38698,88394,5915,706,95346
near_jump,3106,38717,88413,3106,38726,88422
near_jump,3106,38724,88420,3106,38731,88427
far_call,3106,39002,88698,5915,706,95346
near_jump,3106,39014,88710,3106,39024,88720
near_jump,3106,39021,88717,3106,39029,88725
near_jump,3106,34847,84543,3106,34859,84555
near_jump,3106,34864,84560,3106,34870,84566
near_call,3106,34867,84563,3106,36936,86632
near_jump,3106,34875,84571,3106,34881,84577
near_call,3106,34878,84574,3106,36348,86044
near_jump,3106,34886,84582,3106,34892,84588
near_call,3106,34889,84585,3106,38692,88388
near_jump,3106,34897,84593,3106,34903,84599
near_call,3106,34900,84596,3106,36234,85930
near_jump,3106,34908,84604,3106,34917,84613
near_call,3106,34911,84607,3106,36714,86410
near_jump,3106,34921,84617,3106,34961,84657
near_jump,3106,34928,84624,3106,34944,84640
near_jump,3106,34942,84638,3106,34954,84650
near_call,3106,34827,84523,3106,38996,88692
near_jump,3106,34835,84531,3106,34842,84538
near_jump,2065,10268,43308,2065,10273,43313
near_jump,2065,10270,43310,2065,10458,43498
near_jump,2065,15302,48342,2065,15866,48906
near_jump,2065,15997,49037,2065,16040,49080
near_jump,2065,16002,49042,2065,16110,49150
near_jump,2065,16011,49051,2065,16046,49086
near_jump,2065,16013,49053,2065,16076,49116
near_jump,2065,16021,49061,2065,16033,49073
near_jump,2065,16031,49071,2065,15994,49034
near_jump,2065,16037,49077,2065,15994,49034
near_jump,2065,16153,49193,2065,16158,49198
near_jump,2065,16155,49195,2065,16330,49370
near_jump,0,364,364,0,370,370
near_jump,0,560,560,0,565,565
near_jump,0,562,562,0,1039,1039
near_jump,0,1729,1729,0,1734,1734
near_jump,0,1731,1731,0,1743,1743
near_jump,0,1818,1818,0,1047,1047
near_jump,0,1886,1886,0,1891,1891
near_jump,0,1888,1888,0,1898,1898
near_jump,0,1968,1968,0,1973,1973
near_jump,0,1970,1970,0,1979,1979
near_jump,0,2044,2044,0,2049,2049
near_jump,0,2046,2046,0,2055,2055
near_jump,0,2098,2098,0,2103,2103
near_jump,0,2100,2100,0,2109,2109
far_call,0,32747,32747,3106,40900,90596
near_jump,0,32772,32772,0,32777,32777
near_jump,0,32774,32774,0,32799,32799
near_jump,0,32804,32804,0,32809,32809
near_jump,0,32806,32806,0,32886,32886
far_call,0,33018,33018,3106,22654,72350
near_jump,0,33031,33031,0,33036,33036
near_jump,0,33033,33033,0,33041,33041
near_jump,2065,11486,44526,2065,11491,44531
far_call,3106,10979,60675,2065,14632,47672
far_call,3106,11202,60898,2065,9746,42786
near_jump,3106,11215,60911,3106,11224,60920
near_jump,3106,11222,60918,3106,11229,60925
near_jump,3106,11588,61284,3106,11699,61395
near_jump,3106,11590,61286,3106,11599,61295
near_jump,3106,11597,61293,3106,11699,61395
near_jump,3106,11604,61300,3106,11614,61310
near_jump,3106,11611,61307,3106,11619,61315
near_jump,3106,11841,61537,3106,11846,61542
near_jump,3106,11843,61539,3106,12000,61696
far_call,3106,12053,61749,5915,5736,100376
far_call,3106,12071,61767,5915,5736,100376
far_call,3106,12087,61783,5915,5736,100376
far_call,3106,12105,61801,5915,5736,100376
near_jump,3106,12144,61840,3106,12150,61846
near_jump,3106,12148,61844,3106,12154,61850
near_jump,3106,12302,61998,3106,12312,62008
near_jump,3106,12307,62003,3106,12312,62008
near_jump,3106,12309,62005,3106,12557,62253
near_jump,3106,12631,62327,3106,12688,62384
near_jump,3106,12637,62333,3106,12656,62352
near_jump,3106,12646,62342,3106,12666,62362
near_jump,3106,12653,62349,3106,12666,62362
near_call,3106,12603,62299,3106,2146,51842
near_jump,3106,23288,72984,3106,23242,72938
near_jump,3106,23292,72988,3106,23297,72993
near_jump,3106,23294,72990,3106,24278,73974
near_jump,3106,23231,72927,3106,23208,72904
near_jump,3106,23239,72935,3106,23273,72969
near_jump,5782,1859,94371,5782,1856,94368
near_jump,5782,1864,94376,5782,1861,94373
far_call,5782,1873,94385,3106,22056,71752
near_jump,5782,1885,94397,5782,1853,94365
near_jump,5782,1895,94407,5782,1993,94505
near_jump,5782,1603,94115,5782,1608,94120
near_jump,5782,1605,94117,5782,1848,94360
near_jump,2065,5606,38646,2065,5611,38651
near_jump,2065,5608,38648,2065,5216,38256
near_jump,2065,3316,36356,2065,3334,36374
near_jump,2065,3323,36363,2065,3334,36374
far_call,2065,3326,36366,3106,40900,90596
near_jump,2065,3339,36379,2065,3384,36424
near_jump,2065,3364,36404,2065,3384,36424
far_call,2065,3374,36414,3106,22406,72102
near_jump,2065,3382,36422,2065,3475,36515
near_jump,2065,3527,36567,2065,3573,36613
near_jump,2065,3542,36582,2065,3573,36613
near_jump,2065,3552,36592,2065,3573,36613
near_jump,2065,3580,36620,2065,3632,36672
near_jump,2065,3586,36626,2065,3632,36672
near_jump,2065,3601,36641,2065,3632,36672
near_jump,2065,3611,36651,2065,3632,36672
near_jump,2065,3636,36676,2065,3680,36720
near_jump,2065,3642,36682,2065,3680,36720
near_jump,2065,3657,36697,2065,3680,36720
near_jump,2065,3667,36707,2065,3680,36720
near_jump,2065,3716,36756,2065,3721,36761
near_jump,2065,3718,36758,2065,3858,36898
near_jump,2065,1389,34429,2065,1480,34520
near_jump,2065,1399,34439,2065,1412,34452
near_jump,2065,1405,34445,2065,1412,34452
near_jump,2065,1416,34456,2065,1429,34469
near_jump,2065,1422,34462,2065,1429,34469
near_jump,2065,1433,34473,2065,1446,34486
near_jump,2065,1439,34479,2065,1446,34486
near_jump,2065,1450,34490,2065,1463,34503
near_jump,2065,1456,34496,2065,1463,34503
near_jump,2065,1467,34507,2065,1480,34520
near_jump,2065,1473,34513,2065,1480,34520
near_jump,2065,1528,34568,2065,1532,34572
near_jump,2065,1575,34615,2065,1579,34619
near_jump,2065,1618,34658,2065,1622,34662
near_jump,2065,1633,34673,2065,1637,34677
near_jump,2065,1692,34732,2065,1718,34758
near_jump,2065,1715,34755,2065,1740,34780
near_jump,2065,1868,34908,2065,1888,34928
near_jump,2065,1886,34926,2065,1937,34977
near_jump,3106,20725,70421,3106,20737,70433
near_jump,3106,20732,70428,3106,20737,70433
near_jump,3106,20734,70430,3106,21136,70832
near_jump,3106,19625,69321,3106,19630,69326
near_jump,3106,19627,69323,3106,19821,69517
far_call,3106,42462,92158,5915,706,95346
near_jump,3106,42473,92169,3106,42478,92174
near_jump,3106,42475,92171,3106,42611,92307
near_jump,3106,878,50574,3106,883,50579
near_jump,3106,880,50576,3106,1032,50728
near_call,3106,1582,51278,3106,42456,92152
near_jump,3106,1618,51314,3106,778,50474
near_jump,3106,29659,79355,3106,29670,79366
near_jump,3106,31149,80845,3106,31154,80850
near_jump,3106,31151,80847,3106,31334,81030
near_jump,3106,31331,81027,3106,31159,80855
near_call,3106,40274,89970,3106,35738,85434
far_call,3106,40288,89984,5915,5150,99790
near_call,3106,40318,90014,3106,24624,74320
far_call,3106,40332,90028,5915,5150,99790
near_call,3106,40362,90058,3106,24624,74320
near_jump,3106,40373,90069,3106,40382,90078
near_jump,3106,40380,90076,3106,40387,90083
near_call,3106,38754,88450,3106,35738,85434
near_call,3106,38764,88460,3106,25120,74816
near_jump,3106,38779,88475,3106,38862,88558
near_call,3106,39042,88738,3106,35738,85434
near_jump,3106,39052,88748,3106,39082,88778
far_call,3106,39062,88758,5915,5150,99790
near_jump,3106,39079,88775,3106,39107,88803
far_call,3106,36942,86638,5915,706,95346
near_jump,3106,36952,86648,3106,36962,86658
near_jump,3106,36959,86655,3106,36967,86663
far_call,3106,36354,86050,5915,706,95346
near_jump,3106,36364,86060,3106,36374,86070
near_jump,3106,36371,86067,3106,36379,86075
far_call,3106,36240,85936,5915,706,95346
near_jump,3106,36250,85946,3106,36260,85956
near_jump,3106,36257,85953,3106,36265,85961
far_call,3106,36720,86416,5915,706,95346
near_jump,3106,36730,86426,3106,36740,86436
near_jump,3106,36737,86433,3106,36745,86441
near_jump,2065,10282,43322,2065,10287,43327
near_jump,2065,10284,43324,2065,10458,43498
near_jump,2065,15894,48934,2065,15913,48953
near_jump,2065,15921,48961,2065,15942,48982
near_jump,2065,15925,48965,2065,15892,48932
near_jump,2065,15929,48969,2065,15934,48974
near_jump,2065,15940,48980,2065,15927,48967
near_jump,2065,15947,48987,2065,15892,48932
near_jump,2065,15950,48990,2065,15042,48082
near_jump,2065,16042,49082,2065,15999,49039
near_jump,2065,16044,49084,2065,16144,49184
near_jump,2065,16117,49157,2065,16128,49168
near_jump,2065,16119,49159,2065,16136,49176
near_jump,2065,16125,49165,2065,15994,49034
near_jump,2065,16052,49092,2065,16069,49109
near_jump,2065,16067,49107,2065,15994,49034
near_jump,2065,16073,49113,2065,15994,49034
near_jump,2065,16082,49122,2065,16099,49139
near_jump,2065,16097,49137,2065,15994,49034
near_jump,2065,16108,49148,2065,15994,49034
near_jump,2065,16191,49231,2065,16318,49358
near_jump,2065,16200,49240,2065,16236,49276
near_jump,2065,16202,49242,2065,16274,49314
near_jump,2065,16206,49246,2065,16215,49255
near_jump,2065,16218,49258,2065,16230,49270
near_jump,2065,16234,49274,2065,16188,49228
near_jump,2065,16335,49375,2065,16340,49380
near_jump,2065,16337,49377,2065,16540,49580
near_jump,0,377,377,0,382,382
near_jump,0,379,379,0,395,395
near_jump,0,570,570,0,575,575
near_jump,0,572,572,0,898,898
near_jump,0,1738,1738,0,1743,1743
near_jump,0,1740,1740,0,1818,1818
near_jump,0,1896,1896,0,1891,1891
near_jump,0,1985,1985,0,1990,1990
near_jump,0,1987,1987,0,1996,1996
near_jump,0,2061,2061,0,2066,2066
near_jump,0,2063,2063,0,2072,2072
near_jump,0,2115,2115,0,2120,2120
near_jump,0,2117,2117,0,2126,2126
far_call,0,32788,32788,3106,22406,72102
near_jump,0,32796,32796,0,32886,32886
near_jump,0,32816,32816,0,32821,32821
near_jump,0,32818,32818,0,32886,32886
far_call,0,33036,33036,3106,3012,52708
near_jump,2065,11497,44537,2065,11502,44542
near_jump,2065,11499,44539,2065,11738,44778
far_call,3106,11263,60959,2065,14632,47672
near_call,3106,11284,60980,3106,42752,92448
near_jump,3106,11712,61408,3106,11718,61414
near_jump,3106,11716,61412,3106,11724,61420
near_jump,3106,11721,61417,3106,11727,61423
far_call,3106,11653,61349,2065,14632,47672
far_call,3106,11669,61365,5915,5150,99790
near_call,3106,11693,61389,3106,24624,74320
near_jump,3106,11846,61542,3106,11856,61552
near_jump,3106,11851,61547,3106,11856,61552
near_jump,3106,11853,61549,3106,12000,61696
far_call,3106,12204,61900,2065,9746,42786
far_call,3106,12225,61921,2065,9746,42786
far_call,3106,12246,61942,2065,9746,42786
near_call,3106,12267,61963,3106,42752,92448
near_jump,3106,12327,62023,3106,12332,62028
near_jump,3106,12329,62025,3106,12557,62253
near_jump,3106,12698,62394,3106,12703,62399
near_jump,3106,12700,62396,3106,13082,62778
near_call,3106,12671,62367,3106,2146,51842
near_jump,3106,23260,72956,3106,23267,72963
near_jump,3106,23271,72967,3106,23245,72941
near_jump,3106,23322,73018,3106,23302,72998
near_jump,3106,23354,73050,3106,23407,73103
near_jump,3106,23373,73069,3106,23393,73089
far_call,3106,24281,73977,5915,3520,98160
near_jump,5782,1997,94509,5782,2006,94518
near_jump,5782,2004,94516,5782,1901,94413
near_jump,5782,1613,94125,5782,1618,94130
near_jump,5782,1615,94127,5782,1848,94360
near_jump,2065,5616,38656,2065,8885,41925
near_jump,2065,5225,38265,2065,5230,38270
near_jump,2065,5227,38267,2065,5596,38636
near_jump,2065,3389,36429,2065,3475,36515
near_jump,2065,3414,36454,2065,3475,36515
far_call,2065,3467,36507,3106,22678,72374
near_jump,2065,3725,36765,2065,3730,36770
near_jump,2065,3727,36767,2065,3858,36898
near_jump,2065,3862,36902,2065,3867,36907
near_jump,2065,3864,36904,2065,4008,37048
near_jump,2065,1756,34796,2065,1847,34887
near_jump,2065,1766,34806,2065,1779,34819
near_jump,2065,1772,34812,2065,1779,34819
near_jump,2065,1783,34823,2065,1796,34836
near_jump,2065,1789,34829,2065,1796,34836
near_jump,2065,1800,34840,2065,1813,34853
near_jump,2065,1806,34846,2065,1813,34853
near_jump,2065,1817,34857,2065,1830,34870
near_jump,2065,1823,34863,2065,1830,34870
near_jump,2065,1834,34874,2065,1847,34887
near_jump,2065,1840,34880,2065,1847,34887
near_jump,2065,1893,34933,2065,1926,34966
far_call,2065,1910,34950,5915,6618,101258
near_jump,2065,1924,34964,2065,1937,34977
near_jump,2065,1949,34989,2065,1958,34998
near_jump,2065,1967,35007,2065,1974,35014
near_jump,2065,1991,35031,2065,2011,35051
near_jump,2065,2002,35042,2065,2011,35051
near_jump,2065,2048,35088,2065,2053,35093
near_jump,2065,2050,35090,2065,2765,35805
far_call,3106,20737,70433,5915,6614,101254
far_call,3106,20826,70522,5915,6616,101256
near_jump,3106,20842,70538,3106,20905,70601
near_jump,3106,20850,70546,3106,20905,70601
near_call,3106,20888,70584,3106,42752,92448
near_call,3106,20899,70595,3106,3464,53160
near_jump,3106,20910,70606,3106,20970,70666
near_jump,3106,20918,70614,3106,20970,70666
near_call,3106,20953,70649,3106,42752,92448
near_call,3106,20964,70660,3106,3464,53160
near_call,3106,20983,70679,3106,35738,85434
near_jump,3106,20993,70689,3106,21006,70702
near_call,3106,21000,70696,3106,25120,74816
near_jump,3106,21010,70706,3106,21023,70719
near_call,3106,21017,70713,3106,25120,74816
near_call,3106,21028,70724,3106,22056,71752
near_call,3106,21058,70754,3106,2146,51842
near_call,3106,21065,70761,3106,40808,90504
near_call,3106,21081,70777,3106,35738,85434
near_jump,3106,21102,70798,3106,21115,70811
near_call,3106,21109,70805,3106,25120,74816
near_jump,3106,21119,70815,3106,21132,70828
near_call,3106,21126,70822,3106,25120,74816
near_call,3106,21133,70829,3106,40808,90504
near_jump,3106,19640,69336,3106,19724,69420
near_jump,3106,42483,92179,3106,42503,92199
near_jump,3106,42490,92186,3106,42503,92199
near_call,3106,42497,92193,3106,40900,90596
near_jump,3106,42508,92204,3106,42536,92232
near_jump,3106,42515,92211,3106,42536,92232
near_call,3106,42528,92224,3106,22406,72102
near_jump,3106,42534,92230,3106,42611,92307
near_jump,3106,42671,92367,3106,42746,92442
near_jump,3106,42683,92379,3106,42746,92442
near_call,3106,42740,92436,3106,22678,72374
near_jump,3106,888,50584,3106,893,50589
near_jump,3106,890,50586,3106,1032,50728
near_jump,3106,29678,79374,3106,29662,79358
near_jump,3106,29690,79386,3106,29747,79443
near_jump,3106,31154,80850,3106,31172,80868
near_jump,3106,31337,81033,3106,31159,80855
far_call,3106,40395,90091,5915,5150,99790
near_call,3106,40426,90122,3106,24624,74320
near_jump,3106,40437,90133,3106,40446,90142
near_jump,3106,40444,90140,3106,40451,90147
near_jump,3106,38868,88564,3106,38782,88478
near_jump,3106,38881,88577,3106,38892,88588
near_jump,3106,38887,88583,3106,38892,88588
near_jump,3106,38903,88599,3106,38914,88610
near_jump,3106,38909,88605,3106,38914,88610
near_jump,3106,38940,88636,3106,38950,88646
near_jump,3106,38948,88644,3106,38971,88667
near_jump,3106,38966,88662,3106,38971,88667
near_call,3106,38976,88672,3106,2146,51842
near_jump,3106,38986,88682,3106,38991,88687
near_jump,3106,38988,88684,3106,38741,88437
far_call,3106,39090,88786,5915,5150,99790
near_call,3106,39120,88816,3106,24624,74320
far_call,3106,39134,88830,5915,5150,99790
near_call,3106,39164,88860,3106,24624,74320
near_jump,3106,39175,88871,3106,39180,88876
near_jump,3106,39177,88873,3106,39328,89024
near_call,3106,36980,86676,3106,35738,85434
near_call,3106,36991,86687,3106,25120,74816
far_call,3106,37005,86701,5915,5150,99790
near_call,3106,37035,86731,3106,24624,74320
near_call,3106,37042,86738,3106,40808,90504
near_jump,3106,36384,86080,3106,36398,86094
near_jump,3106,36396,86092,3106,36428,86124
near_call,3106,36278,85974,3106,35738,85434
far_call,3106,36292,85988,5915,5150,99790
near_call,3106,36322,86018,3106,24624,74320
near_call,3106,36333,86029,3106,25120,74816
near_call,3106,36340,86036,3106,40808,90504
near_call,3106,36758,86454,3106,35738,85434
far_call,3106,36772,86468,5915,5150,99790
near_call,3106,36802,86498,3106,24624,74320
far_call,3106,36816,86512,5915,5150,99790
near_call,3106,36846,86542,3106,24624,74320
far_call,3106,36860,86556,5915,5150,99790
near_call,3106,36890,86586,3106,24624,74320
near_call,3106,36912,86608,3106,35014,84710
near_jump,3106,36920,86616,3106,36930,86626
near_jump,2065,10313,43353,2065,10424,43464
near_jump,2065,10328,43368,2065,10424,43464
near_jump,2065,10356,43396,2065,10424,43464
near_jump,2065,10371,43411,2065,10424,43464
near_jump,2065,10396,43436,2065,10424,43464
near_jump,2065,10411,43451,2065,10424,43464
near_call,2065,10446,43486,2065,15002,48042
near_jump,2065,16144,49184,2065,15163,48203
near_jump,2065,16132,49172,2065,15994,49034
near_jump,2065,16140,49180,2065,15994,49034
near_jump,2065,16320,49360,2065,16326,49366
near_jump,2065,16322,49362,2065,16193,49233
near_jump,2065,16238,49278,2065,16252,49292
near_jump,2065,16255,49295,2065,16267,49307
near_jump,2065,16271,49311,2065,16188,49228
near_jump,2065,16276,49316,2065,16290,49330
near_jump,2065,16293,49333,2065,16310,49350
near_jump,2065,16314,49354,2065,16188,49228
near_jump,2065,16373,49413,2065,16428,49468
near_jump,2065,16382,49422,2065,16434,49474
near_jump,2065,16384,49424,2065,16482,49522
near_jump,2065,16388,49428,2065,16402,49442
near_jump,2065,16405,49445,2065,16422,49462
near_jump,2065,16426,49466,2065,16370,49410
near_jump,2065,16567,49607,2065,16623,49663
near_jump,2065,16592,49632,2065,16652,49692
near_jump,2065,16598,49638,2065,16616,49656
near_jump,2065,16603,49643,2065,16569,49609
near_jump,2065,16614,49654,2065,16605,49645
near_jump,2065,16621,49661,2065,16569,49609
near_jump,2065,16629,49669,2065,16652,49692
near_jump,2065,16635,49675,2065,16616,49656
near_jump,2065,16640,49680,2065,16623,49663
near_jump,2065,16648,49688,2065,16642,49682
near_jump,2065,16650,49690,2065,16616,49656
near_jump,0,392,392,0,367,367
far_call,0,541,541,2065,10480,43520
far_call,0,651,651,2065,14632,47672
far_call,0,682,682,2065,14632,47672
far_call,0,716,716,2065,14632,47672
far_call,0,747,747,2065,14632,47672
far_call,0,755,755,3106,3600,53296
far_call,0,789,789,3106,24624,74320
far_call,0,825,825,3106,24624,74320
far_call,0,833,833,3106,15326,65022
far_call,0,887,887,3106,22056,71752
near_jump,0,895,895,0,1039,1039
near_jump,0,903,903,0,909,909
near_jump,0,1996,1996,0,2143,2143
near_jump,0,2078,2078,0,2083,2083
near_jump,0,2080,2080,0,2089,2089
near_jump,0,2132,2132,0,2137,2137
near_jump,0,2134,2134,0,2143,2143
far_call,0,32878,32878,3106,22678,72374
near_jump,2065,11533,44573,2065,11538,44578
near_jump,2065,11535,44575,2065,11705,44745
far_call,3106,11740,61436,2065,9746,42786
near_jump,3106,11752,61448,3106,11760,61456
near_jump,3106,11758,61454,3106,11766,61462
near_jump,3106,11763,61459,3106,11769,61465
near_jump,3106,11865,61561,3106,11909,61605
near_jump,3106,11867,61563,3106,11874,61570
near_jump,3106,11872,61568,3106,11909,61605
far_call,3106,11882,61578,5915,5150,99790
near_call,3106,11903,61599,3106,24624,74320
near_jump,3106,11923,61619,3106,11929,61625
near_jump,3106,11927,61623,3106,11934,61630
near_jump,3106,11932,61628,3106,11937,61633
near_jump,3106,12332,62028,3106,12342,62038
near_jump,3106,12337,62033,3106,12342,62038
near_jump,3106,12339,62035,3106,12557,62253
near_call,3106,12745,62441,3106,42752,92448
near_jump,3106,12756,62452,3106,12784,62480
near_jump,3106,12770,62466,3106,12778,62474
near_jump,3106,12781,62477,3106,12793,62489
near_jump,3106,13087,62783,3106,13110,62806
near_jump,3106,13094,62790,3106,13110,62806
near_jump,3106,13101,62797,3106,13110,62806
near_jump,3106,13108,62804,3106,13147,62843
near_jump,3106,13114,62810,3106,13119,62815
near_jump,3106,13116,62812,3106,13312,63008
far_call,3106,23428,73124,5915,5736,100376
far_call,3106,23440,73136,5915,5722,100362
far_call,3106,23456,73152,5915,5736,100376
far_call,3106,23472,73168,5915,5736,100376
far_call,3106,23488,73184,5915,5736,100376
far_call,3106,23504,73200,5915,5736,100376
far_call,3106,23516,73212,5915,5722,100362
far_call,3106,23531,73227,5915,5736,100376
far_call,3106,23547,73243,5915,5736,100376
far_call,3106,23559,73255,5915,5722,100362
far_call,3106,23575,73271,5915,5736,100376
far_call,3106,23591,73287,5915,5736,100376
far_call,3106,23607,73303,5915,5736,100376
far_call,3106,23622,73318,5915,5736,100376
near_jump,3106,23635,73331,3106,23658,73354
near_jump,3106,23399,73095,3106,23376,73072
far_call,5782,2047,94559,5915,3700,98340
near_jump,5782,2059,94571,5782,2127,94639
far_call,5782,2072,94584,5915,4118,98758
near_jump,5782,2093,94605,5782,2101,94613
near_jump,5782,2108,94620,5782,2116,94628
far_call,5782,2119,94631,5915,3520,98160
far_call,5782,2127,94639,3106,15908,65604
near_jump,5782,1905,94417,5782,1990,94502
near_jump,5782,1988,94500,5782,1898,94410
near_jump,5782,1623,94135,5782,1628,94140
near_jump,5782,1625,94137,5782,1848,94360
near_jump,2065,8891,41931,2065,8896,41936
near_jump,2065,8893,41933,2065,5620,38660
far_call,2065,5271,38311,5915,6494,101134
far_call,2065,5285,38325,5915,6494,101134
near_jump,2065,5299,38339,2065,5304,38344
near_jump,2065,5301,38341,2065,5596,38636
near_jump,2065,3801,36841,2065,3854,36894
near_jump,2065,3816,36856,2065,3854,36894
near_jump,2065,3832,36872,2065,3854,36894
near_jump,2065,3852,36892,2065,3789,36829
near_jump,2065,3854,36894,2065,5186,38226
near_jump,2065,3874,36914,2065,3879,36919
near_jump,2065,3876,36916,2065,4008,37048
near_jump,2065,4015,37055,2065,4020,37060
near_jump,2065,4017,37057,2065,5187,38227
near_jump,2065,2077,35117,2065,2082,35122
near_jump,2065,2079,35119,2065,2372,35412
near_jump,3106,19731,69427,3106,19762,69458
near_jump,3106,19743,69439,3106,19721,69417
near_jump,3106,19752,69448,3106,19642,69338
near_jump,3106,19760,69456,3106,19651,69347
near_jump,3106,42541,92237,3106,42611,92307
near_jump,3106,42548,92244,3106,42611,92307
near_call,3106,42605,92301,3106,22678,72374
near_jump,3106,898,50594,3106,903,50599
near_jump,3106,900,50596,3106,1032,50728
near_jump,3106,29665,79361,3106,29680,79376
near_jump,3106,29751,79447,3106,29764,79460
near_jump,3106,29761,79457,3106,29724,79420
far_call,3106,40459,90155,5915,5150,99790
near_call,3106,40490,90186,3106,24624,74320
near_jump,3106,40501,90197,3106,40509,90205
near_jump,3106,40514,90210,3106,40522,90218
near_call,3106,40539,90235,3106,35014,84710
near_jump,3106,40551,90247,3106,40568,90264
near_jump,3106,40558,90254,3106,40568,90264
near_jump,3106,38788,88484,3106,38870,88566
near_jump,3106,38852,88548,3106,38862,88558
near_jump,3106,39185,88881,3106,39199,88895
near_jump,3106,39342,89038,3106,40096,89792
near_jump,3106,36403,86099,3106,36418,86114
near_jump,3106,36415,86111,3106,36428,86124
near_jump,3106,36448,86144,3106,36700,86396
near_jump,2065,16326,49366,2065,15163,48203
near_jump,2065,16430,49470,2065,16536,49576
near_jump,2065,16432,49472,2065,16375,49415
near_jump,2065,16436,49476,2065,16455,49495
near_jump,2065,16458,49498,2065,16475,49515
near_jump,2065,16479,49519,2065,16370,49410
near_jump,2065,16484,49524,2065,16503,49543
near_jump,2065,16506,49546,2065,16528,49568
near_jump,2065,16532,49572,2065,16370,49410
near_jump,0,913,913,0,918,918
near_jump,0,915,915,0,934,934
near_jump,0,2148,2148,0,2153,2153
near_jump,0,2150,2150,0,2223,2223
near_jump,0,2089,2089,0,2143,2143
near_jump,2065,11542,44582,2065,11547,44587
near_jump,2065,11544,44584,2065,11705,44745
near_jump,2065,11715,44755,2065,11729,44769
near_jump,2065,11735,44775,2065,11488,44528
far_call,3106,11782,61478,2065,9746,42786
near_jump,3106,11794,61490,3106,11802,61498
near_jump,3106,11800,61496,3106,11808,61504
near_jump,3106,11805,61501,3106,11811,61507
far_call,3106,11950,61646,2065,9746,42786
near_jump,3106,11963,61659,3106,11971,61667
near_jump,3106,11969,61665,3106,11976,61672
near_jump,3106,11974,61670,3106,11979,61675
far_call,3106,12356,62052,5915,5736,100376
far_call,3106,12374,62070,5915,5736,100376
far_call,3106,12390,62086,5915,5736,100376
far_call,3106,12408,62104,5915,5736,100376
near_jump,3106,12447,62143,3106,12454,62150
near_jump,3106,12451,62147,3106,12458,62154
near_call,3106,12809,62505,3106,33874,83570
near_jump,3106,12829,62525,3106,12888,62584
near_jump,3106,12835,62531,3106,12888,62584
near_jump,3106,12837,62533,3106,12847,62543
near_jump,3106,12852,62548,3106,12865,62561
near_jump,3106,12870,62566,3106,12883,62579
near_jump,3106,12891,62587,3106,13008,62704
near_jump,3106,12898,62594,3106,13008,62704
near_call,3106,12901,62597,3106,15908,65604
near_call,3106,12905,62601,3106,24296,73992
near_jump,3106,12913,62609,3106,12948,62644
near_jump,3106,12945,62641,3106,12978,62674
near_jump,3106,13119,62815,3106,13131,62827
near_jump,3106,13126,62822,3106,13131,62827
near_jump,3106,13128,62824,3106,13312,63008
near_jump,3106,13316,63012,3106,13325,63021
near_jump,3106,13323,63019,3106,13338,63034
near_jump,3106,13329,63025,3106,13450,63146
near_jump,3106,13336,63032,3106,13450,63146
near_call,3106,13343,63039,3106,2146,51842
near_call,3106,13361,63057,3106,42752,92448
near_jump,3106,13384,63080,3106,13394,63090
near_jump,3106,13392,63088,3106,13400,63096
near_jump,3106,23664,73360,3106,23638,73334
near_jump,3106,23760,73456,3106,23779,73475
near_jump,5782,1634,94146,5782,1639,94151
near_jump,5782,1636,94148,5782,1848,94360
near_jump,2065,8909,41949,2065,8914,41954
near_jump,2065,8911,41951,2065,9260,42300
near_jump,2065,5656,38696,2065,5661,38701
near_jump,2065,5658,38698,2065,8882,41922
near_jump,2065,5304,38344,2065,5315,38355
near_jump,2065,5310,38350,2065,5315,38355
near_jump,2065,5312,38352,2065,5596,38636
near_jump,2065,3933,36973,2065,4004,37044
near_jump,2065,3942,36982,2065,3962,37002
near_jump,2065,3944,36984,2065,3980,37020
near_jump,2065,3957,36997,2065,3927,36967
near_jump,2065,4023,37063,2065,4028,37068
near_jump,2065,4025,37065,2065,5187,38227
near_jump,2065,2087,35127,2065,2092,35132
near_jump,2065,2089,35129,2065,2372,35412
near_jump,2065,2437,35477,2065,2442,35482
near_jump,2065,2439,35479,2065,2732,35772
near_jump,3106,19766,69462,3106,19821,69517
far_call,3106,19788,69484,5915,5150,99790
near_call,3106,19815,69511,3106,24624,74320
near_jump,3106,19671,69367,3106,19682,69378
near_jump,3106,19679,69375,3106,19691,69387
near_jump,3106,908,50604,3106,1032,50728
near_jump,3106,915,50611,3106,1032,50728
near_jump,3106,922,50618,3106,1032,50728
near_jump,3106,929,50625,3106,1032,50728
near_jump,3106,936,50632,3106,1032,50728
near_jump,3106,943,50639,3106,1032,50728
near_jump,3106,950,50646,3106,1032,50728
near_jump,3106,957,50653,3106,1032,50728
near_jump,3106,964,50660,3106,1032,50728
near_jump,3106,971,50667,3106,1032,50728
near_jump,3106,978,50674,3106,1032,50728
near_jump,3106,985,50681,3106,1032,50728
near_jump,3106,992,50688,3106,1032,50728
near_jump,3106,999,50695,3106,1032,50728
near_jump,3106,1006,50702,3106,1032,50728
near_jump,3106,1013,50709,3106,1032,50728
near_jump,3106,1020,50716,3106,1032,50728
near_jump,3106,1027,50723,3106,1032,50728
near_jump,3106,1029,50725,3106,1503,51199
near_jump,3106,29781,79477,3106,29890,79586
near_jump,3106,29793,79489,3106,29814,79510
near_jump,3106,29795,79491,3106,29802,79498
near_jump,3106,29800,79496,3106,29814,79510
near_jump,3106,29820,79516,3106,29876,79572
near_jump,3106,29730,79426,3106,29692,79388
near_jump,3106,29736,79432,3106,29744,79440
near_jump,3106,40571,90267,3106,40580,90276
near_jump,3106,40578,90274,3106,40560,90256
near_call,3106,40593,90289,3106,35738,85434
far_call,3106,40607,90303,5915,5150,99790
near_call,3106,40637,90333,3106,24624,74320
far_call,3106,40651,90347,5915,5150,99790
near_call,3106,40681,90377,3106,24624,74320
far_call,3106,40695,90391,5915,5150,99790
near_call,3106,40725,90421,3106,24624,74320
near_jump,3106,40736,90432,3106,40744,90440
near_jump,3106,40749,90445,3106,40757,90453
near_call,3106,40774,90470,3106,35014,84710
near_jump,3106,40791,90487,3106,40801,90497
near_jump,3106,39203,88899,3106,39322,89018
far_call,3106,39272,88968,5915,3700,98340
near_jump,3106,39284,88980,3106,39188,88884
far_call,3106,39312,89008,5915,4118,98758
near_jump,3106,39320,89016,3106,39196,88892
near_jump,3106,40105,89801,3106,40110,89806
near_jump,3106,40107,89803,3106,39346,89042
near_jump,3106,36704,86400,3106,36709,86405
near_jump,3106,36706,86402,3106,36452,86148
near_jump,2065,16536,49576,2065,15163,48203
near_jump,0,924,924,0,921,921
near_jump,0,929,929,0,926,926
near_jump,0,931,931,0,906,906
near_jump,0,940,940,0,947,947
near_jump,0,2158,2158,0,2163,2163
near_jump,0,2160,2160,0,2189,2189
near_jump,0,2230,2230,0,2235,2235
near_jump,0,2232,2232,0,2461,2461
near_jump,2065,11558,44598,2065,11563,44603
near_jump,2065,11560,44600,2065,11705,44745
near_jump,3106,11823,61519,3106,11991,61687
far_call,3106,11992,61688,2065,9746,42786
far_call,3106,12509,62205,2065,9746,42786
far_call,3106,12530,62226,2065,9746,42786
near_call,3106,12551,62247,3106,42752,92448
near_jump,3106,13011,62707,3106,13025,62721
near_call,3106,13070,62766,3106,42752,92448
near_call,3106,12983,62679,3106,5420,55116
near_call,3106,12994,62690,3106,22056,71752
near_jump,3106,13455,63151,3106,13460,63156
near_jump,3106,13457,63153,3106,13131,62827
near_call,3106,13407,63103,3106,38692,88388
near_call,3106,13434,63130,3106,42752,92448
near_jump,3106,13446,63142,3106,13136,62832
near_jump,3106,23785,73481,3106,23762,73458
near_jump,3106,23810,73506,3106,23815,73511
near_jump,3106,23812,73508,3106,24278,73974
near_jump,5782,1643,94155,5782,1666,94178
near_jump,5782,1654,94166,5782,1666,94178
near_jump,5782,1670,94182,5782,1693,94205
near_jump,5782,1681,94193,5782,1693,94205
near_jump,5782,1699,94211,5782,1696,94208
near_jump,5782,1704,94216,5782,1701,94213
near_jump,5782,1712,94224,5782,1709,94221
near_jump,5782,1717,94229,5782,1714,94226
near_jump,5782,1722,94234,5782,1719,94231
near_jump,5782,1727,94239,5782,1724,94236
far_call,5782,1737,94249,5915,5736,100376
far_call,5782,1755,94267,5915,5736,100376
far_call,5782,1771,94283,5915,5736,100376
far_call,5782,1789,94301,5915,5736,100376
near_jump,5782,1808,94320,5782,1818,94330
near_jump,5782,1823,94335,5782,1838,94350
near_jump,2065,8942,41982,2065,8947,41987
near_jump,2065,8944,41984,2065,9260,42300
near_jump,2065,9268,42308,2065,9273,42313
near_jump,2065,9270,42310,2065,8901,41941
near_jump,2065,5676,38716,2065,5681,38721
near_jump,2065,5678,38718,2065,6204,39244
far_call,2065,5322,38362,5915,7026,101666
far_call,2065,5362,38402,5915,6772,101412
far_call,2065,5380,38420,5915,7026,101666
far_call,2065,5405,38445,5915,6772,101412
far_call,2065,5447,38487,5915,6772,101412
far_call,2065,5470,38510,5915,6772,101412
near_jump,2065,5500,38540,2065,5596,38636
far_call,2065,5506,38546,5915,6772,101412
far_call,2065,5529,38569,5915,6772,101412
far_call,2065,5554,38594,5915,6772,101412
far_call,2065,5581,38621,5915,6618,101258
near_jump,2065,4004,37044,2065,5186,38226
near_jump,2065,3978,37018,2065,3927,36967
near_jump,2065,4001,37041,2065,3927,36967
near_jump,2065,4038,37078,2065,4082,37122
near_jump,2065,4079,37119,2065,4105,37145
near_jump,2065,2098,35138,2065,2103,35143
near_jump,2065,2100,35140,2065,2372,35412
near_jump,2065,2447,35487,2065,2452,35492
near_jump,2065,2449,35489,2065,2732,35772
near_jump,3106,19705,69401,3106,19721,69417
near_jump,3106,19707,69403,3106,19716,69412
near_jump,3106,19714,69410,3106,19721,69417
near_jump,3106,29911,79607,3106,29932,79628
near_jump,3106,29913,79609,3106,29920,79616
near_jump,3106,29918,79614,3106,29932,79628
near_jump,3106,29924,79620,3106,29932,79628
near_jump,3106,29929,79625,3106,29895,79591
near_jump,3106,29880,79576,3106,29822,79518
near_jump,3106,29887,79583,3106,29895,79591
near_jump,3106,29714,79410,3106,29721,79417
near_jump,3106,40114,89810,3106,40180,89876
near_call,3106,40133,89829,3106,35014,84710
near_jump,3106,40144,89840,3106,40155,89851
near_jump,3106,40153,89849,3106,40116,89812
near_jump,3106,40160,89856,3106,40171,89867
near_jump,3106,40169,89865,3106,40221,89917
near_jump,3106,40178,89874,3106,40218,89914
near_jump,3106,39354,89050,3106,39359,89055
near_jump,3106,39356,89052,3106,40026,89722
near_call,3106,36465,86161,3106,35738,85434
near_call,3106,36475,86171,3106,25120,74816
near_jump,3106,36490,86186,3106,36572,86268
near_jump,0,951,951,0,956,956
near_jump,0,953,953,0,1003,1003
far_call,0,2179,2179,3106,18492,68188
near_jump,0,2194,2194,0,2199,2199
near_jump,0,2196,2196,0,2223,2223
near_jump,0,2246,2246,0,2251,2251
near_jump,0,2248,2248,0,2450,2450
near_jump,0,2468,2468,0,2473,2473
near_jump,0,2470,2470,0,2507,2507
near_jump,2065,11579,44619,2065,11590,44630
near_jump,2065,11581,44621,2065,11588,44628
near_jump,2065,11585,44625,2065,11590,44630
near_jump,3106,13464,63160,3106,13469,63165
near_jump,3106,13466,63162,3106,13131,62827
near_jump,3106,23851,73547,3106,23871,73567
near_jump,3106,23902,73598,3106,23907,73603
near_jump,3106,23904,73600,3106,24079,73775
near_jump,2065,8951,41991,2065,8971,42011
near_jump,2065,8957,41997,2065,8971,42011
near_jump,2065,8963,42003,2065,8971,42011
near_jump,2065,8969,42009,2065,8977,42017
near_jump,2065,8982,42022,2065,8990,42030
far_call,2065,9035,42075,3106,3125,52821
near_jump,2065,9051,42091,2065,9056,42096
near_jump,2065,9053,42093,2065,9260,42300
near_jump,2065,9284,42324,2065,9719,42759
near_jump,2065,5684,38724,2065,5689,38729
near_jump,2065,5686,38726,2065,6204,39244
near_jump,2065,6210,39250,2065,6215,39255
near_jump,2065,6212,39252,2065,6988,40028
near_jump,2065,4118,37158,2065,4123,37163
near_jump,2065,4120,37160,2065,4664,37704
near_jump,2065,2107,35147,2065,2124,35164
near_jump,2065,2458,35498,2065,2463,35503
near_jump,2065,2460,35500,2065,2732,35772
near_jump,3106,29940,79636,3106,29996,79692
near_jump,3106,29852,79548,3106,29827,79523
near_call,3106,40197,89893,3106,35014,84710
near_jump,3106,40211,89907,3106,40221,89917
near_jump,3106,39399,89095,3106,39406,89102
near_jump,3106,39413,89109,3106,39378,89074
near_jump,3106,39447,89143,3106,39454,89150
far_call,3106,39529,89225,5915,6618,101258
far_call,3106,39536,89232,5915,6822,101462
far_call,3106,39565,89261,5915,6618,101258
far_call,3106,39572,89268,5915,6822,101462
far_call,3106,39601,89297,5915,6618,101258
far_call,3106,39608,89304,5915,6822,101462
far_call,3106,39637,89333,5915,6618,101258
far_call,3106,39644,89340,5915,6822,101462
far_call,3106,39668,89364,5915,6618,101258
far_call,3106,39675,89371,5915,6822,101462
far_call,3106,39697,89393,5915,6822,101462
near_jump,3106,39717,89413,3106,39733,89429
near_call,3106,40061,89757,3106,24624,74320
near_call,3106,40083,89779,3106,24624,74320
near_jump,3106,36578,86274,3106,36492,86188
near_jump,3106,36591,86287,3106,36604,86300
near_jump,3106,36599,86295,3106,36604,86300
near_jump,3106,36615,86311,3106,36628,86324
near_jump,3106,36623,86319,3106,36628,86324
near_jump,3106,36654,86350,3106,36664,86360
near_jump,3106,36662,86358,3106,36689,86385
near_jump,3106,36682,86378,3106,36689,86385
near_call,3106,36694,86390,3106,2146,51842
near_jump,0,962,962,0,959,959
near_jump,0,967,967,0,964,964
near_jump,0,998,998,0,982,982
near_jump,0,1000,1000,0,943,943
far_call,0,1007,1007,3106,22056,71752
far_call,0,1019,1019,3106,22924,72620
far_call,0,1031,1031,3106,9836,59532
far_call,0,2213,2213,3106,18492,68188
near_jump,0,2259,2259,0,2264,2264
near_jump,0,2261,2261,0,2435,2435
near_jump,0,2458,2458,0,2544,2544
near_jump,0,2490,2490,0,2495,2495
near_jump,0,2492,2492,0,2504,2504
near_jump,0,2524,2524,0,2529,2529
near_jump,0,2526,2526,0,2532,2532
near_jump,2065,11616,44656,2065,11622,44662
near_jump,2065,11620,44660,2065,11624,44664
near_jump,3106,13481,63177,3106,13136,62832
near_jump,3106,23950,73646,3106,23986,73682
near_jump,3106,23984,73680,3106,24068,73764
near_jump,3106,24085,73781,3106,24099,73795
near_jump,3106,24091,73787,3106,24099,73795
near_jump,3106,24105,73801,3106,24134,73830
near_jump,3106,24130,73826,3106,23804,73500
near_jump,2065,9076,42116,2065,9081,42121
near_jump,2065,9078,42118,2065,9260,42300
near_jump,2065,9726,42766,2065,9740,42780
near_jump,2065,9736,42776,2065,9313,42353
near_jump,2065,5692,38732,2065,5697,38737
near_jump,2065,5694,38734,2065,6204,39244
near_jump,2065,6215,39255,2065,6220,39260
near_jump,2065,6217,39257,2065,8790,41830
near_jump,2065,6998,40038,2065,7006,40046
near_jump,2065,7003,40043,2065,7027,40067
near_jump,2065,4152,37192,2065,4264,37304
near_jump,2065,4178,37218,2065,4169,37209
near_jump,2065,4188,37228,2065,4256,37296
near_jump,2065,4197,37237,2065,4214,37254
near_jump,2065,4199,37239,2065,4232,37272
near_jump,2065,4212,37252,2065,4182,37222
near_jump,2065,4689,37729,2065,4800,37840
near_jump,2065,4715,37755,2065,4706,37746
near_jump,2065,4725,37765,2065,4730,37770
near_jump,2065,4727,37767,2065,4796,37836
near_jump,2065,2130,35170,2065,2110,35150
near_jump,2065,2147,35187,2065,2343,35383
near_jump,2065,2467,35507,2065,2484,35524
near_jump,3106,30002,79698,3106,29942,79638
near_jump,3106,30034,79730,3106,30009,79705
far_call,3106,30091,79787,2065,9746,42786
near_jump,3106,30109,79805,3106,30200,79896
near_jump,3106,30115,79811,3106,30200,79896
near_jump,3106,30120,79816,3106,30170,79866
near_jump,3106,39741,89437,3106,39720,89416
far_call,3106,39791,89487,5915,6994,101634
far_call,3106,39802,89498,5915,6618,101258
far_call,3106,39809,89505,5915,6822,101462
far_call,3106,39834,89530,5915,6618,101258
far_call,3106,39841,89537,5915,6822,101462
far_call,3106,39866,89562,5915,6618,101258
far_call,3106,39873,89569,5915,6822,101462
far_call,3106,39893,89589,5915,6618,101258
far_call,3106,39900,89596,5915,6822,101462
far_call,3106,39918,89614,5915,6822,101462
near_jump,3106,39938,89634,3106,39953,89649
near_jump,3106,36498,86194,3106,36580,86276
near_jump,3106,36562,86258,3106,36572,86268
near_jump,0,2269,2269,0,2274,2274
near_jump,0,2271,2271,0,2285,2285
near_jump,0,2447,2447,0,2458,2458
near_jump,0,2562,2562,0,2567,2567
near_jump,0,2564,2564,0,2918,2918
near_jump,0,2504,2504,0,2532,2532
far_call,0,2536,2536,3106,3464,53160
near_jump,2065,11653,44693,2065,11704,44744
near_jump,2065,11658,44698,2065,11631,44671
near_jump,2065,11676,44716,2065,11704,44744
near_jump,2065,11694,44734,2065,11699,44739
far_call,3106,24032,73728,5915,4118,98758
near_jump,3106,24157,73853,3106,24175,73871
near_jump,3106,24173,73869,3106,24159,73855
near_jump,3106,24237,73933,3106,24240,73936
near_jump,3106,24245,73941,3106,24252,73948
near_jump,3106,24249,73945,3106,24268,73964
near_jump,2065,9087,42127,2065,9100,42140
near_jump,2065,9095,42135,2065,9260,42300
near_jump,2065,9320,42360,2065,9288,42328
near_jump,2065,9339,42379,2065,9344,42384
near_jump,2065,9341,42381,2065,9608,42648
near_jump,2065,5700,38740,2065,5705,38745
near_jump,2065,5702,38742,2065,6204,39244
near_jump,2065,6223,39263,2065,6228,39268
near_jump,2065,6225,39265,2065,7322,40362
near_jump,2065,8793,41833,2065,8798,41838
near_jump,2065,8795,41835,2065,6616,39656
near_jump,2065,7009,40049,2065,6276,39316
near_jump,2065,7028,40068,2065,7620,40660
near_jump,2065,4269,37309,2065,4274,37314
near_jump,2065,4271,37311,2065,4416,37456
near_jump,2065,4258,37298,2065,4190,37230
near_jump,2065,4260,37300,2065,5186,38226
near_jump,2065,4230,37270,2065,4182,37222
near_jump,2065,4253,37293,2065,4182,37222
near_jump,2065,4805,37845,2065,4810,37850
near_jump,2065,4807,37847,2065,4948,37988
near_jump,2065,4737,37777,2065,4754,37794
near_jump,2065,4739,37779,2065,4772,37812
near_jump,2065,4752,37792,2065,4719,37759
near_jump,2065,4796,37836,2065,5186,38226
near_jump,2065,2347,35387,2065,2407,35447
near_jump,2065,2368,35408,2065,2156,35196
near_jump,2065,2490,35530,2065,2470,35510
near_jump,2065,2507,35547,2065,2703,35743
near_jump,3106,29972,79668,3106,29947,79643
far_call,3106,30208,79904,5915,5150,99790
far_call,3106,30234,79930,5915,5244,99884
near_call,3106,30253,79949,3106,24624,74320
near_jump,3106,30264,79960,3106,30365,80061
near_jump,3106,30173,79869,3106,30216,79912
near_jump,3106,39723,89419,3106,39743,89439
near_jump,3106,39961,89657,3106,39940,89636
near_call,3106,39985,89681,3106,24624,74320
near_call,3106,40007,89703,3106,24624,74320
far_call,3106,40016,89712,5915,3520,98160
near_jump,3106,40024,89720,3106,40089,89785
near_jump,0,2282,2282,0,2295,2295
near_jump,0,2302,2302,0,2307,2307
near_jump,0,2304,2304,0,2313,2313
near_jump,0,2567,2567,0,2572,2572
near_jump,0,2569,2569,0,2580,2580
near_jump,0,2927,2927,0,2932,2932
near_jump,0,2929,2929,0,2938,2938
near_jump,3106,24274,73970,3106,23804,73500
near_jump,2065,9112,42152,2065,9124,42164
near_jump,2065,9120,42160,2065,9260,42300
near_jump,2065,9305,42345,2065,9310,42350
near_jump,2065,9348,42388,2065,9412,42452
near_call,2065,9403,42443,2065,10480,43520
near_jump,2065,9409,42449,2065,9536,42576
near_jump,2065,9616,42656,2065,9677,42717
near_jump,2065,9622,42662,2065,9634,42674
near_jump,2065,9629,42669,2065,9634,42674
near_call,2065,9671,42711,2065,11744,44784
near_jump,2065,5710,38750,2065,5730,38770
near_jump,2065,6228,39268,2065,6233,39273
near_jump,2065,6230,39270,2065,8748,41788
far_call,2065,7338,40378,5915,6534,101174
far_call,2065,7361,40401,5915,6534,101174
near_jump,2065,7377,40417,2065,6299,39339
near_jump,2065,8798,41838,2065,8842,41882
near_jump,2065,8803,41843,2065,8808,41848
near_jump,2065,8805,41845,2065,6310,39350
near_jump,2065,6621,39661,2065,6632,39672
near_jump,2065,6629,39669,2065,6276,39316
far_call,2065,6299,39339,3106,3125,52821
near_jump,2065,6307,39347,2065,8882,41922
near_jump,2065,7629,40669,2065,6291,39331
near_jump,2065,4298,37338,2065,4289,37329
near_jump,2065,4308,37348,2065,4408,37448
near_jump,2065,4317,37357,2065,4346,37386
near_jump,2065,4319,37359,2065,4374,37414
near_jump,2065,4342,37382,2065,4302,37342
near_jump,2065,4421,37461,2065,4426,37466
near_jump,2065,4423,37463,2065,4598,37638
near_jump,2065,4834,37874,2065,4825,37865
near_jump,2065,4844,37884,2065,4944,37984
near_jump,2065,4853,37893,2065,4882,37922
near_jump,2065,4855,37895,2065,4910,37950
near_jump,2065,4878,37918,2065,4838,37878
near_jump,2065,4953,37993,2065,4958,37998
near_jump,2065,4955,37995,2065,5122,38162
near_jump,2065,4770,37810,2065,4719,37759
near_jump,2065,4793,37833,2065,4719,37759
near_jump,2065,2162,35202,2065,2167,35207
near_jump,2065,2164,35204,2065,2340,35380
near_jump,2065,2707,35747,2065,2765,35805
near_jump,2065,2728,35768,2065,2516,35556
near_jump,3106,30369,80065,3106,30374,80070
near_jump,3106,30371,80067,3106,30538,80234
near_jump,3106,39943,89639,3106,39963,89659
near_jump,0,2318,2318,0,2323,2323
near_jump,0,2320,2320,0,2435,2435
near_jump,0,2575,2575,0,2580,2580
near_jump,0,2577,2577,0,2918,2918
near_jump,0,2594,2594,0,2599,2599
near_jump,0,2596,2596,0,2605,2605
near_jump,0,2947,2947,0,2952,2952
near_jump,0,2949,2949,0,2958,2958
near_jump,2065,9136,42176,2065,9146,42186
near_jump,2065,9144,42184,2065,9260,42300
near_jump,2065,9416,42456,2065,9476,42516
near_jump,2065,9473,42513,2065,9398,42438
near_jump,2065,9541,42581,2065,9608,42648
near_call,2065,9602,42642,2065,10480,43520
far_call,2065,11750,44790,5915,706,95346
near_jump,2065,11773,44813,2065,11778,44818
near_jump,2065,11775,44815,2065,11928,44968
near_jump,2065,5737,38777,2065,5742,38782
near_jump,2065,5739,38779,2065,6204,39244
near_jump,2065,6236,39276,2065,6326,39366
near_jump,2065,6241,39281,2065,6246,39286
near_jump,2065,6243,39283,2065,7302,40342
near_jump,2065,8751,41791,2065,8756,41796
near_jump,2065,8753,41793,2065,7380,40420
near_jump,2065,8845,41885,2065,8850,41890
near_jump,2065,8847,41887,2065,7042,40082
near_jump,2065,8811,41851,2065,8816,41856
near_jump,2065,8813,41853,2065,7012,40052
near_jump,2065,6316,39356,2065,6276,39316
near_jump,2065,6638,39678,2065,6276,39316
near_jump,2065,4410,37450,2065,4310,37350
near_jump,2065,4412,37452,2065,5186,38226
near_jump,2065,4372,37412,2065,4302,37342
near_jump,2065,4405,37445,2065,4302,37342
near_jump,2065,4450,37490,2065,4441,37481
near_jump,2065,4460,37500,2065,4544,37584
near_jump,2065,4469,37509,2065,4506,37546
near_jump,2065,4471,37511,2065,4550,37590
near_jump,2065,4504,37544,2065,4454,37494
near_jump,2065,4606,37646,2065,4639,37679
near_jump,2065,4944,37984,2065,5186,38226
near_jump,2065,4908,37948,2065,4838,37878
near_jump,2065,4941,37981,2065,4838,37878
near_jump,2065,4982,38022,2065,4973,38013
near_jump,2065,4992,38032,2065,5120,38160
near_jump,2065,5001,38041,2065,5038,38078
near_jump,2065,5003,38043,2065,5076,38116
near_jump,2065,5036,38076,2065,4986,38026
near_jump,2065,5130,38170,2065,5167,38207
near_jump,2065,2177,35217,2065,2150,35190
far_call,2065,2240,35280,5915,6494,101134
far_call,2065,2270,35310,5915,6772,101412
far_call,2065,2293,35333,5915,6772,101412
far_call,2065,2304,35344,5915,6618,101258
near_jump,2065,2337,35377,2065,2150,35190
near_jump,2065,2522,35562,2065,2527,35567
near_jump,2065,2524,35564,2065,2700,35740
near_jump,3106,30386,80082,3106,30362,80058
near_jump,3106,30439,80135,3106,30414,80110
near_jump,3106,30452,80148,3106,30457,80153
near_jump,3106,30454,80150,3106,30266,79962
far_call,3106,30546,80242,5915,5632,100272
far_call,3106,30574,80270,5915,6618,101258
far_call,3106,30581,80277,5915,6822,101462
far_call,3106,30611,80307,5915,6618,101258
far_call,3106,30618,80314,5915,6822,101462
far_call,3106,30648,80344,5915,6618,101258
far_call,3106,30655,80351,5915,6822,101462
far_call,3106,30684,80380,5915,6618,101258
far_call,3106,30691,80387,5915,6822,101462
far_call,3106,30720,80416,5915,6618,101258
far_call,3106,30727,80423,5915,6822,101462
far_call,3106,30756,80452,5915,6618,101258
far_call,3106,30763,80459,5915,6822,101462
far_call,3106,30792,80488,5915,6618,101258
far_call,3106,30799,80495,5915,6822,101462
far_call,3106,30821,80517,5915,6822,101462
near_jump,3106,30841,80537,3106,30852,80548
near_jump,0,2332,2332,0,2337,2337
near_jump,0,2334,2334,0,2417,2417
near_jump,0,2619,2619,0,2661,2661
near_jump,0,2964,2964,0,2969,2969
near_jump,0,2966,2966,0,3863,3863
near_jump,2065,9158,42198,2065,9168,42208
near_jump,2065,9166,42206,2065,9260,42300
near_jump,2065,9480,42520,2065,9418,42458
near_call,2065,9530,42570,2065,9746,42786
near_jump,2065,11783,44823,2065,11805,44845
near_jump,2065,11790,44830,2065,11805,44845
far_call,2065,11797,44837,3106,40900,90596
near_jump,2065,11810,44850,2065,11846,44886
near_jump,2065,11826,44866,2065,11846,44886
far_call,2065,11836,44876,3106,22406,72102
near_jump,2065,11844,44884,2065,11928,44968
near_jump,2065,11981,45021,2065,11988,45028
near_jump,2065,12024,45064,2065,12029,45069
near_jump,2065,12026,45066,2065,12844,45884
near_jump,2065,5751,38791,2065,5760,38800
near_jump,2065,5758,38798,2065,5727,38767
far_call,2065,5814,38854,5915,6494,101134
far_call,2065,5828,38868,5915,6494,101134
near_jump,2065,5842,38882,2065,5727,38767
near_jump,2065,5844,38884,2065,5852,38892
near_jump,2065,5850,38890,2065,5727,38767
far_call,2065,5859,38899,5915,7026,101666
far_call,2065,5903,38943,5915,6772,101412
far_call,2065,5921,38961,5915,7026,101666
far_call,2065,5946,38986,5915,6772,101412
far_call,2065,5988,39028,5915,6772,101412
far_call,2065,6011,39051,5915,6772,101412
near_jump,2065,6041,39081,2065,6046,39086
near_jump,2065,6043,39083,2065,5727,38767
near_jump,2065,6336,39376,2065,6352,39392
near_jump,2065,6343,39383,2065,6352,39392
near_jump,2065,6348,39388,2065,7027,40067
near_jump,2065,6249,39289,2065,6254,39294
near_jump,2065,6251,39291,2065,6548,39588
near_jump,2065,7308,40348,2065,6276,39316
near_jump,2065,8759,41799,2065,8764,41804
near_jump,2065,8761,41801,2065,7390,40430
near_jump,2065,7386,40426,2065,6276,39316
near_jump,2065,8853,41893,2065,8858,41898
near_jump,2065,8855,41895,2065,7400,40440
near_jump,2065,7056,40096,2065,7141,40181
near_jump,2065,7062,40102,2065,7072,40112
near_jump,2065,7070,40110,2065,7141,40181
near_jump,2065,8819,41859,2065,8824,41864
near_jump,2065,8821,41861,2065,6318,39358
near_jump,2065,7022,40062,2065,7032,40072
near_jump,2065,4546,37586,2065,4462,37502
near_jump,2065,4548,37588,2065,4594,37634
near_jump,2065,4542,37582,2065,4454,37494
near_jump,2065,4591,37631,2065,4454,37494
near_jump,2065,4648,37688,2065,4639,37679
near_jump,2065,4658,37698,2065,4608,37648
near_jump,2065,4660,37700,2065,5186,38226
near_jump,2065,5120,38160,2065,5186,38226
near_jump,2065,5074,38114,2065,4986,38026
near_jump,2065,5117,38157,2065,4986,38026
near_jump,2065,5176,38216,2065,5167,38207
near_jump,2065,5184,38224,2065,5132,38172
near_jump,2065,2537,35577,2065,2510,35550
far_call,2065,2600,35640,5915,6494,101134
far_call,2065,2630,35670,5915,6772,101412
far_call,2065,2653,35693,5915,6772,101412
far_call,2065,2664,35704,5915,6618,101258
near_jump,2065,2697,35737,2065,2510,35550
near_call,3106,30487,80183,3106,24624,74320
near_jump,3106,30516,80212,3106,30498,80194
near_jump,3106,30535,80231,3106,30296,79992
near_call,3106,30298,79994,3106,24624,74320
near_call,3106,30318,80014,3106,31346,81042
near_call,3106,30356,80052,3106,24624,74320
near_jump,3106,30860,80556,3106,30844,80540
near_jump,3106,30888,80584,3106,30867,80563
far_call,3106,30908,80604,5915,5244,99884
near_call,3106,30927,80623,3106,24624,74320
near_call,3106,30942,80638,3106,31346,81042
near_call,3106,30967,80663,3106,24624,74320
far_call,3106,30989,80685,5915,3552,98192
far_call,3106,31008,80704,5915,4352,98992
near_jump,3106,31016,80712,3106,31215,80911
far_call,0,2343,2343,3106,25666,75362
near_jump,0,2353,2353,0,2358,2358
near_jump,0,2355,2355,0,2364,2364
far_call,0,2427,2427,3106,3464,53160
near_jump,0,2663,2663,0,2668,2668
near_jump,0,2665,2665,0,2622,2622
near_jump,0,3003,3003,0,3008,3008
near_jump,0,3005,3005,0,3570,3570
near_jump,0,3868,3868,0,3874,3874
near_jump,2065,9180,42220,2065,9190,42230
near_jump,2065,9188,42228,2065,9260,42300
near_jump,2065,11851,44891,2065,11928,44968
near_jump,2065,11867,44907,2065,11928,44968
far_call,2065,11920,44960,3106,22678,72374
far_call,2065,12123,45163,5915,6494,101134
near_jump,2065,12133,45173,2065,12174,45214
near_jump,2065,12135,45175,2065,12142,45182
near_jump,2065,12140,45180,2065,12174,45214
far_call,2065,12154,45194,5915,6772,101412
near_jump,2065,12172,45212,2065,12219,45259
far_call,2065,12940,45980,5915,6494,101134
near_jump,2065,12950,45990,2065,12992,46032
near_jump,2065,12952,45992,2065,12959,45999
near_jump,2065,12957,45997,2065,12992,46032
far_call,2065,12971,46011,5915,6772,101412
near_jump,2065,12989,46029,2065,13037,46077
far_call,2065,6062,39102,5915,6772,101412
far_call,2065,6105,39145,5915,6772,101412
far_call,2065,6118,39158,5915,6772,101412
far_call,2065,6135,39175,5915,6618,101258
near_jump,2065,6148,39188,2065,6153,39193
near_jump,2065,6158,39198,2065,6167,39207
near_jump,2065,6165,39205,2065,6170,39210
near_jump,2065,6175,39215,2065,6180,39220
near_jump,2065,6177,39217,2065,5715,38755
far_call,2065,6391,39431,3106,3125,52821
near_jump,2065,6418,39458,2065,6423,39463
near_jump,2065,6420,39460,2065,8882,41922
near_jump,2065,6257,39297,2065,6270,39310
near_jump,2065,6262,39302,2065,6267,39307
near_jump,2065,6264,39304,2065,6642,39682
near_jump,2065,6554,39594,2065,6276,39316
near_jump,2065,8767,41807,2065,8772,41812
near_jump,2065,8769,41809,2065,6568,39608
near_jump,2065,7396,40436,2065,6276,39316
near_jump,2065,8861,41901,2065,8866,41906
near_jump,2065,8863,41903,2065,7928,40968
near_jump,2065,7414,40454,2065,7484,40524
near_jump,2065,7427,40467,2065,7438,40478
near_jump,2065,7435,40475,2065,7484,40524
near_jump,2065,7152,40192,2065,7213,40253
near_jump,2065,7159,40199,2065,7176,40216
near_jump,2065,7174,40214,2065,7197,40237
near_jump,2065,7083,40123,2065,7104,40144
near_jump,2065,7102,40142,2065,7125,40165
near_jump,2065,8827,41867,2065,8832,41872
near_jump,2065,8829,41869,2065,6596,39636
near_jump,2065,6324,39364,2065,6276,39316
near_jump,2065,7038,40078,2065,6276,39316
near_jump,2065,4594,37634,2065,5186,38226
near_jump,2065,4633,37673,2065,4650,37690
near_jump,2065,4637,37677,2065,4608,37648
near_jump,2065,5155,38195,2065,5186,38226
near_jump,2065,5161,38201,2065,5178,38218
near_jump,2065,5165,38205,2065,5132,38172
near_jump,3106,30847,80543,3106,30862,80558
near_jump,0,2370,2370,0,2375,2375
near_jump,0,2372,2372,0,2381,2381
near_jump,0,2669,2669,0,2674,2674
near_jump,0,2671,2671,0,2631,2631
near_jump,0,2628,2628,0,2691,2691
near_jump,0,3017,3017,0,3022,3022
near_jump,0,3019,3019,0,3028,3028
near_jump,0,3581,3581,0,3586,3586
near_jump,0,3583,3583,0,3598,3598
near_jump,0,3880,3880,0,3885,3885
near_jump,0,3882,3882,0,9788,9788
near_jump,2065,9202,42242,2065,9212,42252
near_jump,2065,9210,42250,2065,9260,42300
far_call,2065,12180,45220,5915,6494,101134
near_jump,2065,12192,45232,2065,12196,45236
near_jump,2065,12194,45234,2065,12266,45306
far_call,2065,12208,45248,5915,6772,101412
far_call,2065,12225,45265,5915,6494,101134
near_jump,2065,12235,45275,2065,12308,45348
near_jump,2065,12237,45277,2065,12244,45284
near_jump,2065,12242,45282,2065,12308,45348
far_call,2065,12256,45296,5915,6772,101412
near_jump,2065,12264,45304,2065,12347,45387
far_call,2065,12998,46038,5915,6494,101134
near_jump,2065,13010,46050,2065,13014,46054
near_jump,2065,13012,46052,2065,13084,46124
far_call,2065,13026,46066,5915,6772,101412
far_call,2065,13043,46083,5915,6494,101134
near_jump,2065,13053,46093,2065,13126,46166
near_jump,2065,13055,46095,2065,13062,46102
near_jump,2065,13060,46100,2065,13126,46166
far_call,2065,13074,46114,5915,6772,101412
near_jump,2065,13082,46122,2065,13165,46205
near_jump,2065,6190,39230,2065,6195,39235
near_jump,2065,6192,39232,2065,5712,38752
near_jump,2065,6544,39584,2065,8882,41922
near_jump,2065,6267,39307,2065,8882,41922
near_jump,2065,6652,39692,2065,6660,39700
near_jump,2065,6657,39697,2065,7027,40067
near_jump,2065,8775,41815,2065,8780,41820
near_jump,2065,8777,41817,2065,7312,40352
near_jump,2065,6578,39618,2065,6586,39626
near_jump,2065,6583,39623,2065,7027,40067
near_jump,2065,8869,41909,2065,8874,41914
near_jump,2065,8871,41911,2065,8274,41314
near_jump,2065,7938,40978,2065,7978,41018
near_jump,2065,7948,40988,2065,7956,40996
near_jump,2065,7953,40993,2065,7027,40067
near_jump,2065,7495,40535,2065,7587,40627
near_jump,2065,7502,40542,2065,7550,40590
near_jump,2065,7512,40552,2065,7532,40572
near_jump,2065,7530,40570,2065,7571,40611
near_jump,2065,7449,40489,2065,7484,40524
far_call,2065,7476,40516,3106,3125,52821
near_jump,2065,7227,40267,2065,7232,40272
near_jump,2065,7229,40269,2065,8882,41922
far_call,2065,7205,40245,3106,3125,52821
far_call,2065,7133,40173,3106,3125,52821
near_jump,2065,8835,41875,2065,8840,41880
near_jump,2065,8837,41877,2065,6606,39646
near_jump,2065,6602,39642,2065,6276,39316
near_jump,0,2386,2386,0,2391,2391
near_jump,0,2388,2388,0,2397,2397
near_jump,0,2675,2675,0,2680,2680
near_jump,0,2677,2677,0,2640,2640
near_jump,0,2637,2637,0,2691,2691
near_jump,0,2694,2694,0,2772,2772
near_jump,0,3039,3039,0,3044,3044
near_jump,0,3041,3041,0,3050,3050
near_jump,0,3593,3593,0,3598,3598
near_jump,0,3595,3595,0,3857,3857
near_jump,0,3645,3645,0,3650,3650
near_jump,0,3647,3647,0,3848,3848
near_jump,0,3935,3935,0,3939,3939
near_jump,0,3988,3988,0,3992,3992
near_jump,0,4005,4005,0,4010,4010
near_jump,0,4007,4007,0,4026,4026
near_jump,0,9849,9849,0,9889,9889
near_jump,0,9865,9865,0,9889,9889
near_jump,0,9899,9899,0,9939,9939
near_jump,0,9915,9915,0,9939,9939
near_jump,0,9947,9947,0,9987,9987
near_jump,0,9963,9963,0,9987,9987
near_jump,0,9995,9995,0,10035,10035
near_jump,0,10011,10011,0,10035,10035
near_jump,0,10044,10044,0,10062,10062
near_jump,0,10057,10057,0,10062,10062
near_jump,0,10059,10059,0,9839,9839
near_jump,2065,9224,42264,2065,9234,42274
near_jump,2065,9232,42272,2065,9260,42300
far_call,2065,12290,45330,5915,6772,101412
near_jump,2065,12305,45345,2065,12213,45253
far_call,2065,12314,45354,5915,6494,101134
near_jump,2065,12326,45366,2065,12330,45370
near_jump,2065,12328,45368,2065,12390,45430
far_call,2065,12342,45382,5915,6772,101412
near_jump,2065,12359,45399,2065,12364,45404
near_jump,2065,12361,45401,2065,12614,45654
far_call,2065,13108,46148,5915,6772,101412
near_jump,2065,13123,46163,2065,13031,46071
far_call,2065,13132,46172,5915,6494,101134
near_jump,2065,13144,46184,2065,13148,46188
near_jump,2065,13146,46186,2065,13208,46248
far_call,2065,13160,46200,5915,6772,101412
near_jump,2065,13177,46217,2065,13182,46222
near_jump,2065,13179,46219,2065,13426,46466
near_jump,2065,6200,39240,2065,5715,38755
near_jump,2065,6666,39706,2065,6276,39316
near_jump,2065,8783,41823,2065,8788,41828
near_jump,2065,8785,41825,2065,6670,39710
near_jump,2065,7318,40358,2065,6276,39316
near_jump,2065,6592,39632,2065,6276,39316
near_jump,2065,8877,41917,2065,8882,41922
near_jump,2065,8879,41919,2065,6558,39598
near_jump,2065,8288,41328,2065,8350,41390
near_jump,2065,8294,41334,2065,8304,41344
near_jump,2065,8302,41342,2065,8350,41390
near_jump,2065,7998,41038,2065,8006,41046
near_jump,2065,8003,41043,2065,8008,41048
near_jump,2065,7974,41014,2065,6289,39329
near_jump,2065,7601,40641,2065,7606,40646
near_jump,2065,7603,40643,2065,8882,41922
far_call,2065,7579,40619,3106,3125,52821
near_jump,2065,7547,40587,2065,7569,40609
near_jump,2065,7243,40283,2065,7248,40288
near_jump,2065,7245,40285,2065,7619,40659
near_jump,2065,8840,41880,2065,8882,41922
near_jump,2065,6612,39652,2065,6276,39316
near_jump,0,2403,2403,0,2408,2408
near_jump,0,2405,2405,0,2414,2414
near_jump,0,2683,2683,0,2688,2688
near_jump,0,2685,2685,0,2649,2649
near_jump,0,2646,2646,0,2691,2691
near_jump,0,2775,2775,0,2780,2780
near_jump,0,2777,2777,0,2724,2724
near_jump,0,3061,3061,0,3066,3066
near_jump,0,3063,3063,0,3072,3072
near_jump,0,3650,3650,0,3655,3655
near_jump,0,3652,3652,0,3662,3662
near_jump,0,3854,3854,0,3863,3863
near_jump,0,4036,4036,0,4041,4041
near_jump,0,4038,4038,0,4057,4057
near_jump,0,10067,10067,0,10073,10073
near_jump,2065,9246,42286,2065,9256,42296
near_jump,2065,9254,42294,2065,9260,42300
far_call,2065,12414,45454,5915,6772,101412
near_jump,2065,12429,45469,2065,12347,45387
near_jump,2065,12380,45420,2065,12386,45426
near_jump,2065,12384,45424,2065,12432,45472
near_jump,2065,12388,45428,2065,12435,45475
near_jump,2065,12618,45658,2065,12626,45666
near_jump,2065,12624,45664,2065,12657,45697
near_jump,2065,12630,45670,2065,12638,45678
near_jump,2065,12636,45676,2065,12657,45697
near_jump,2065,12642,45682,2065,12650,45690
near_jump,2065,12648,45688,2065,12657,45697
near_jump,2065,12655,45695,2065,12662,45702
near_jump,2065,12678,45718,2065,12684,45724
near_jump,2065,12682,45722,2065,12688,45728
near_jump,2065,12686,45726,2065,12691,45731
far_call,2065,13232,46272,5915,6772,101412
near_jump,2065,13247,46287,2065,13165,46205
near_jump,2065,13198,46238,2065,13204,46244
near_jump,2065,13202,46242,2065,13250,46290
near_jump,2065,13206,46246,2065,13253,46293
near_jump,2065,13430,46470,2065,13438,46478
near_jump,2065,13436,46476,2065,13469,46509
near_jump,2065,13442,46482,2065,13450,46490
near_jump,2065,13448,46488,2065,13469,46509
near_jump,2065,13454,46494,2065,13462,46502
near_jump,2065,13460,46500,2065,13469,46509
near_jump,2065,13467,46507,2065,13474,46514
near_jump,2065,13490,46530,2065,13496,46536
near_jump,2065,13494,46534,2065,13500,46540
near_jump,2065,13498,46538,2065,13503,46543
near_jump,2065,8788,41828,2065,8882,41922
near_jump,2065,6680,39720,2065,6692,39732
near_jump,2065,6688,39728,2065,7027,40067
near_jump,2065,6564,39604,2065,6276,39316
near_jump,2065,8360,41400,2065,8365,41405
near_jump,2065,8362,41402,2065,8677,41717
near_jump,2065,8315,41355,2065,8350,41390
far_call,2065,8342,41382,3106,3125,52821
near_jump,2065,8018,41058,2065,8026,41066
near_jump,2065,8023,41063,2065,8028,41068
near_jump,2065,7617,40657,2065,7632,40672
near_jump,2065,7264,40304,2065,7269,40309
near_jump,2065,7266,40306,2065,8882,41922
near_jump,0,2414,2414,0,2423,2423
near_jump,0,2688,2688,0,2691,2691
near_jump,0,2655,2655,0,2691,2691
near_jump,0,2780,2780,0,2785,2785
near_jump,0,2782,2782,0,2807,2807
near_jump,0,2730,2730,0,2838,2838
near_jump,0,3083,3083,0,3088,3088
near_jump,0,3085,3085,0,3109,3109
near_jump,0,3657,3657,0,3662,3662
near_jump,0,3659,3659,0,3848,3848
near_jump,0,3665,3665,0,3670,3670
near_jump,0,3667,3667,0,3810,3810
near_jump,0,4062,4062,0,4068,4068
near_jump,0,10079,10079,0,10084,10084
near_jump,0,10081,10081,0,14893,14893
near_jump,2065,12449,45489,2065,12455,45495
near_jump,2065,12453,45493,2065,12462,45502
near_jump,2065,12460,45500,2065,12465,45505
near_jump,2065,12705,45745,2065,12711,45751
near_jump,2065,12709,45749,2065,12718,45758
near_jump,2065,12716,45756,2065,12721,45761
near_jump,2065,13267,46307,2065,13273,46313
near_jump,2065,13271,46311,2065,13280,46320
near_jump,2065,13278,46318,2065,13283,46323
near_jump,2065,13517,46557,2065,13523,46563
near_jump,2065,13521,46561,2065,13530,46570
near_jump,2065,13528,46568,2065,13533,46573
near_jump,2065,6712,39752,2065,6720,39760
near_jump,2065,6717,39757,2065,6722,39762
near_jump,2065,8380,41420,2065,8388,41428
near_jump,2065,8385,41425,2065,8390,41430
near_jump,2065,8691,41731,2065,8696,41736
near_jump,2065,8693,41733,2065,8882,41922
near_jump,2065,8031,41071,2065,8126,41166
near_jump,2065,8041,41081,2065,8053,41093
near_jump,2065,8051,41091,2065,8058,41098
near_jump,2065,8071,41111,2065,8083,41123
near_jump,2065,8081,41121,2065,8088,41128
near_jump,2065,8100,41140,2065,8126,41166
near_jump,2065,8108,41148,2065,8126,41166
near_jump,2065,8115,41155,2065,8126,41166
near_jump,2065,8141,41181,2065,8148,41188
near_jump,2065,8146,41186,2065,8150,41190
far_call,2065,7718,40758,5915,6534,101174
near_jump,2065,7731,40771,2065,7758,40798
near_jump,2065,7753,40793,2065,7758,40798
near_jump,2065,7762,40802,2065,7789,40829
near_jump,2065,7784,40824,2065,7789,40829
near_jump,2065,7793,40833,2065,7820,40860
near_jump,2065,7815,40855,2065,7820,40860
near_jump,2065,7824,40864,2065,7851,40891
near_jump,2065,7846,40886,2065,7851,40891
near_jump,2065,7858,40898,2065,7863,40903
near_jump,2065,7860,40900,2065,7718,40758
near_jump,2065,7287,40327,2065,7292,40332
near_jump,2065,7289,40329,2065,8882,41922
near_jump,0,2787,2787,0,2792,2792
near_jump,0,2789,2789,0,2697,2697
near_jump,0,2810,2810,0,2815,2815
near_jump,0,2812,2812,0,2733,2733
near_jump,0,2847,2847,0,2852,2852
near_jump,0,2849,2849,0,2858,2858
far_call,0,3092,3092,3106,2146,51842
near_jump,0,3106,3106,0,3570,3570
near_jump,0,3113,3113,0,3118,3118
near_jump,0,3115,3115,0,3128,3128
near_jump,0,3675,3675,0,3680,3680
near_jump,0,3677,3677,0,3810,3810
near_jump,0,3815,3815,0,3820,3820
near_jump,0,3817,3817,0,3848,3848
near_jump,0,4072,4072,0,4077,4077
near_jump,0,4074,4074,0,9785,9785
near_jump,0,10096,10096,0,10101,10101
near_jump,0,10098,10098,0,10118,10118
near_jump,0,14899,14899,0,14904,14904
near_jump,0,14901,14901,0,15780,15780
far_call,2065,12493,45533,3106,3125,52821
far_call,2065,12526,45566,3106,3125,52821
near_jump,2065,12540,45580,2065,12581,45621
near_jump,2065,12590,45630,2065,12595,45635
near_jump,2065,12592,45632,2065,13728,46768
far_call,2065,12749,45789,3106,3125,52821
far_call,2065,12782,45822,3106,3125,52821
near_jump,2065,12796,45836,2065,12818,45858
near_jump,2065,12827,45867,2065,12832,45872
near_jump,2065,12829,45869,2065,13676,46716
far_call,2065,13311,46351,3106,3125,52821
far_call,2065,13344,46384,3106,3125,52821
near_jump,2065,13358,46398,2065,13399,46439
near_jump,2065,13408,46448,2065,13413,46453
near_jump,2065,13410,46450,2065,13728,46768
far_call,2065,13561,46601,3106,3125,52821
far_call,2065,13594,46634,3106,3125,52821
near_jump,2065,13608,46648,2065,13630,46670
near_jump,2065,13639,46679,2065,13676,46716
near_jump,2065,13680,46720,2065,13688,46728
near_jump,2065,13686,46726,2065,13728,46768
near_jump,2065,13692,46732,2065,13700,46740
near_jump,2065,13698,46738,2065,13728,46768
near_jump,2065,13704,46744,2065,13712,46752
near_jump,2065,13710,46750,2065,13728,46768
near_jump,2065,13717,46757,2065,13728,46768
near_jump,2065,13757,46797,2065,13774,46814
far_call,2065,13787,46827,5915,6480,101120
near_jump,2065,13809,46849,2065,13816,46856
near_jump,2065,13814,46854,2065,13830,46870
near_jump,2065,6732,39772,2065,6740,39780
near_jump,2065,6737,39777,2065,6742,39782
near_jump,2065,8400,41440,2065,8408,41448
near_jump,2065,8405,41445,2065,8410,41450
near_jump,2065,8707,41747,2065,8712,41752
near_jump,2065,8709,41749,2065,7619,40659
near_jump,2065,8157,41197,2065,8164,41204
near_jump,2065,8162,41202,2065,8166,41206
near_jump,2065,7925,40965,2065,8882,41922
near_jump,2065,7298,40338,2065,8882,41922
near_jump,0,2793,2793,0,2798,2798
near_jump,0,2795,2795,0,2706,2706
near_jump,0,2703,2703,0,2838,2838
near_jump,0,2818,2818,0,2823,2823
near_jump,0,2820,2820,0,2760,2760
near_jump,0,2739,2739,0,2838,2838
near_jump,0,2867,2867,0,2872,2872
near_jump,0,2869,2869,0,2878,2878
near_jump,0,3132,3132,0,3137,3137
near_jump,0,3134,3134,0,3147,3147
near_jump,0,3775,3775,0,3780,3780
near_jump,0,3777,3777,0,3795,3795
near_jump,0,3831,3831,0,3836,3836
near_jump,0,3833,3833,0,3848,3848
near_jump,0,4089,4089,0,4094,4094
near_jump,0,4091,4091,0,4104,4104
near_jump,0,9785,9785,0,3871,3871
near_jump,0,10115,10115,0,10138,10138
near_jump,0,10150,10150,0,10155,10155
near_jump,0,10152,10152,0,10172,10172
near_jump,0,14921,14921,0,14926,14926
near_jump,0,14923,14923,0,15244,15244
near_jump,0,15785,15785,0,15790,15790
near_jump,0,15787,15787,0,15800,15800
near_jump,2065,12610,45650,2065,13728,46768
near_jump,2065,12841,45881,2065,13650,46690
near_jump,2065,13422,46462,2065,12604,45644
near_jump,2065,13844,46884,2065,13849,46889
near_jump,2065,13846,46886,2065,14060,47100
near_jump,2065,6745,39785,2065,6840,39880
near_jump,2065,6755,39795,2065,6767,39807
near_jump,2065,6765,39805,2065,6772,39812
near_jump,2065,6785,39825,2065,6797,39837
near_jump,2065,6795,39835,2065,6802,39842
near_jump,2065,6814,39854,2065,6840,39880
near_jump,2065,6822,39862,2065,6840,39880
near_jump,2065,6829,39869,2065,6840,39880
near_jump,2065,6855,39895,2065,6862,39902
near_jump,2065,6860,39900,2065,6864,39904
near_jump,2065,8413,41453,2065,8508,41548
near_jump,2065,8423,41463,2065,8435,41475
near_jump,2065,8433,41473,2065,8440,41480
near_jump,2065,8453,41493,2065,8465,41505
near_jump,2065,8463,41503,2065,8470,41510
near_jump,2065,8482,41522,2065,8508,41548
near_jump,2065,8490,41530,2065,8508,41548
near_jump,2065,8497,41537,2065,8508,41548
near_jump,2065,8523,41563,2065,8530,41570
near_jump,2065,8528,41568,2065,8532,41572
near_jump,2065,8728,41768,2065,8733,41773
near_jump,2065,8730,41770,2065,8882,41922
near_jump,2065,8169,41209,2065,8264,41304
near_jump,2065,8179,41219,2065,8191,41231
near_jump,2065,8189,41229,2065,8196,41236
near_jump,2065,8209,41249,2065,8221,41261
near_jump,2065,8219,41259,2065,8226,41266
near_jump,2065,8238,41278,2065,8264,41304
near_jump,2065,8246,41286,2065,8264,41304
near_jump,2065,8253,41293,2065,8264,41304
near_jump,2065,8271,41311,2065,6283,39323
near_jump,0,2799,2799,0,2804,2804
near_jump,0,2801,2801,0,2715,2715
near_jump,0,2712,2712,0,2838,2838
near_jump,0,2824,2824,0,2829,2829
near_jump,0,2826,2826,0,2751,2751
near_jump,0,2766,2766,0,2838,2838
near_jump,0,2887,2887,0,2892,2892
near_jump,0,2889,2889,0,2898,2898
near_jump,0,3151,3151,0,3156,3156
near_jump,0,3153,3153,0,3166,3166
far_call,0,3784,3784,3106,2146,51842
near_jump,0,3792,3792,0,3807,3807
far_call,0,3799,3799,3106,2146,51842
near_jump,0,3807,3807,0,3848,3848
far_call,0,3840,3840,3106,2146,51842
near_jump,0,4099,4099,0,4104,4104
near_jump,0,4101,4101,0,9782,9782
near_jump,0,4132,4132,0,4137,4137
near_jump,0,4134,4134,0,4817,4817
near_jump,0,10169,10169,0,10192,10192
near_jump,0,10196,10196,0,10201,10201
near_jump,0,10198,10198,0,14890,14890
near_jump,0,14990,14990,0,14995,14995
near_jump,0,14992,14992,0,15014,15014
near_jump,0,15249,15249,0,15254,15254
near_jump,0,15251,15251,0,15276,15276
near_jump,0,15795,15795,0,15800,15800
near_jump,0,15797,15797,0,15978,15978
near_jump,0,15805,15805,0,15810,15810
near_jump,0,15807,15807,0,15820,15820
near_jump,2065,13849,46889,2065,13859,46899
near_jump,2065,13854,46894,2065,13859,46899
near_jump,2065,13856,46896,2065,14060,47100
near_jump,2065,14076,47116,2065,14100,47140
near_jump,2065,14111,47151,2065,14121,47161
near_jump,2065,14137,47177,2065,14161,47201
near_jump,2065,14172,47212,2065,14287,47327
near_jump,2065,6871,39911,2065,6878,39918
near_jump,2065,6876,39916,2065,6880,39920
near_jump,2065,8539,41579,2065,8546,41586
near_jump,2065,8544,41584,2065,8548,41588
near_jump,2065,8744,41784,2065,7280,40320
near_jump,0,2804,2804,0,2838,2838
near_jump,0,2721,2721,0,2838,2838
near_jump,0,2830,2830,0,2835,2835
near_jump,0,2832,2832,0,2742,2742
near_jump,0,2757,2757,0,2838,2838
near_jump,0,2907,2907,0,2912,2912
near_jump,0,2909,2909,0,2918,2918
far_call,0,3195,3195,2065,14632,47672
far_call,0,3231,3231,2065,14632,47672
far_call,0,3267,3267,2065,14632,47672
far_call,0,3301,3301,2065,14632,47672
near_jump,0,3313,3313,0,3318,3318
near_jump,0,3315,3315,0,3355,3355
near_jump,0,9782,9782,0,4065,4065
near_jump,0,4143,4143,0,4148,4148
near_jump,0,4145,4145,0,4817,4817
near_jump,0,4868,4868,0,4873,4873
near_jump,0,4870,4870,0,7309,7309
near_jump,0,10201,10201,0,10206,10206
near_jump,0,10203,10203,0,10216,10216
near_jump,0,14890,14890,0,10070,10070
near_jump,0,15000,15000,0,15005,15005
near_jump,0,15002,15002,0,15014,15014
near_jump,0,15021,15021,0,15026,15026
near_jump,0,15023,15023,0,15081,15081
near_jump,0,15287,15287,0,15292,15292
near_jump,0,15289,15289,0,15542,15542
near_jump,0,16008,16008,0,16013,16013
near_jump,0,16010,16010,0,16025,16025
near_jump,0,15815,15815,0,15820,15820
near_jump,0,15817,15817,0,15908,15908
near_jump,0,15825,15825,0,15830,15830
near_jump,0,15827,15827,0,15836,15836
far_call,2065,13898,46938,5915,6618,101258
far_call,2065,13937,46977,5915,6494,101134
near_jump,2065,13947,46987,2065,13874,46914
near_jump,2065,13949,46989,2065,13956,46996
near_jump,2065,13954,46994,2065,13874,46914
near_jump,2065,13961,47001,2065,14012,47052
far_call,2065,14001,47041,5915,6618,101258
near_jump,2065,14009,47049,2065,14065,47105
near_jump,2065,14293,47333,2065,14368,47408
near_jump,2065,14299,47339,2065,14185,47225
near_jump,2065,14305,47345,2065,14185,47225
near_jump,2065,14318,47358,2065,14323,47363
near_jump,2065,14320,47360,2065,14174,47214
near_jump,2065,6883,39923,2065,6888,39928
near_jump,2065,6885,39925,2065,8264,41304
near_jump,2065,8551,41591,2065,8646,41686
near_jump,2065,8561,41601,2065,8573,41613
near_jump,2065,8571,41611,2065,8578,41618
near_jump,2065,8591,41631,2065,8603,41643
near_jump,2065,8601,41641,2065,8608,41648
near_jump,2065,8620,41660,2065,8646,41686
near_jump,2065,8628,41668,2065,8646,41686
near_jump,2065,8635,41675,2065,8646,41686
far_call,2065,8669,41709,3106,3125,52821
near_jump,0,2835,2835,0,2838,2838
near_jump,0,2748,2748,0,2838,2838
far_call,0,3347,3347,2065,14632,47672
near_jump,0,3360,3360,0,3365,3365
near_jump,0,3362,3362,0,3375,3375
near_jump,0,4152,4152,0,4157,4157
near_jump,0,4154,4154,0,4817,4817
near_jump,0,4882,4882,0,4887,4887
near_jump,0,4884,4884,0,7309,7309
near_jump,0,7363,7363,0,7368,7368
near_jump,0,7365,7365,0,9782,9782
near_jump,0,10211,10211,0,10216,10216
near_jump,0,10213,10213,0,14890,14890
near_jump,0,10251,10251,0,10640,10640
near_jump,0,15011,15011,0,15244,15244
far_call,0,15070,15070,5915,6618,101258
near_jump,0,15078,15078,0,15133,15133
far_call,0,15125,15125,5915,6618,101258
near_jump,0,15140,15140,0,15145,15145
near_jump,0,15142,15142,0,15196,15196
near_jump,0,15301,15301,0,15306,15306
near_jump,0,15303,15303,0,15311,15311
near_jump,0,15553,15553,0,15558,15558
near_jump,0,15555,15555,0,15588,15588
far_call,0,16017,16017,3106,22840,72536
near_jump,0,16036,16036,0,16041,16041
near_jump,0,16038,16038,0,16080,16080
near_jump,0,15913,15913,0,15918,15918
near_jump,0,15915,15915,0,15943,15943
near_jump,0,15841,15841,0,15846,15846
near_jump,0,15843,15843,0,15852,15852
near_jump,2065,14016,47056,2065,14065,47105
far_call,2065,14053,47093,5915,6772,101412
near_jump,2065,14058,47098,2065,13999,47039
near_jump,2065,14372,47412,2065,14377,47417
near_jump,2065,14374,47414,2065,13816,46856
near_jump,2065,14197,47237,2065,14213,47253
near_jump,2065,14225,47265,2065,14276,47316
near_jump,2065,14326,47366,2065,14331,47371
near_jump,2065,14328,47368,2065,14174,47214
near_jump,2065,6896,39936,2065,6908,39948
near_jump,2065,6906,39946,2065,6913,39953
near_jump,2065,6926,39966,2065,6938,39978
near_jump,2065,6936,39976,2065,6943,39983
near_jump,2065,6955,39995,2065,6960,40000
near_jump,2065,6957,39997,2065,8264,41304
near_jump,0,3380,3380,0,3385,3385
near_jump,0,3382,3382,0,3395,3395
far_call,0,4174,4174,5915,6494,101134
far_call,0,4205,4205,5915,6494,101134
near_jump,0,4222,4222,0,4227,4227
near_jump,0,4224,4224,0,4817,4817
near_jump,0,4891,4891,0,4896,4896
near_jump,0,4893,4893,0,7309,7309
near_jump,0,7381,7381,0,7386,7386
near_jump,0,7383,7383,0,7403,7403
near_jump,0,10643,10643,0,10648,10648
near_jump,0,10645,10645,0,10431,10431
far_call,0,15185,15185,5915,6618,101258
near_jump,0,15193,15193,0,15244,15244
far_call,0,15236,15236,5915,6618,101258
near_jump,0,15322,15322,0,15327,15327
near_jump,0,15324,15324,0,15353,15353
near_jump,0,15577,15577,0,15582,15582
near_jump,0,15579,15579,0,15585,15585
near_jump,0,15593,15593,0,15598,15598
near_jump,0,15595,15595,0,15627,15627
near_jump,0,16047,16047,0,16052,16052
near_jump,0,16049,16049,0,16080,16080
near_jump,0,16085,16085,0,16090,16090
near_jump,0,16087,16087,0,16117,16117
near_jump,0,15932,15932,0,15937,15937
near_jump,0,15934,15934,0,15943,15943
near_jump,0,15948,15948,0,15953,15953
near_jump,0,15950,15950,0,15978,15978
near_jump,0,15865,15865,0,15870,15870
near_jump,0,15867,15867,0,15880,15880
near_jump,2065,14383,47423,2065,14609,47649
near_jump,2065,14282,47322,2065,14228,47268
near_jump,2065,14337,47377,2065,14342,47382
near_jump,2065,14339,47379,2065,14174,47214
near_jump,2065,6966,40006,2065,6971,40011
near_jump,2065,6968,40008,2065,8264,41304
near_jump,0,3400,3400,0,3405,3405
near_jump,0,3402,3402,0,3415,3415
near_jump,0,4238,4238,0,4243,4243
near_jump,0,4240,4240,0,4593,4593
near_jump,0,4906,4906,0,4912,4912
near_jump,0,7398,7398,0,7403,7403
near_jump,0,7400,7400,0,9782,9782
near_jump,0,7409,7409,0,7414,7414
near_jump,0,7411,7411,0,9782,9782
near_jump,0,10648,10648,0,10653,10653
near_jump,0,10650,10650,0,10752,10752
near_jump,0,10441,10441,0,10851,10851
near_jump,0,15339,15339,0,15344,15344
near_jump,0,15341,15341,0,15350,15350
near_jump,0,15358,15358,0,15363,15363
near_jump,0,15360,15360,0,15386,15386
near_jump,0,15585,15585,0,15627,15627
near_jump,0,15616,15616,0,15621,15621
near_jump,0,15618,15618,0,15627,15627
near_jump,0,15638,15638,0,15643,15643
near_jump,0,15640,15640,0,15675,15675
near_jump,0,16066,16066,0,16071,16071
near_jump,0,16068,16068,0,16077,16077
near_jump,0,16106,16106,0,16111,16111
near_jump,0,16108,16108,0,16117,16117
near_jump,0,16128,16128,0,16133,16133
near_jump,0,16130,16130,0,16172,16172
near_jump,0,15967,15967,0,15972,15972
near_jump,0,15969,15969,0,15978,15978
near_jump,0,15890,15890,0,15895,15895
near_jump,0,15892,15892,0,15905,15905
near_jump,2065,14615,47655,2065,14620,47660
near_jump,2065,14617,47657,2065,14386,47426
near_jump,2065,14230,47270,2065,14284,47324
near_jump,2065,14251,47291,2065,14261,47301
near_jump,2065,14256,47296,2065,14261,47301
near_jump,2065,14266,47306,2065,14276,47316
near_jump,2065,14271,47311,2065,14276,47316
near_jump,2065,14348,47388,2065,14353,47393
near_jump,2065,14350,47390,2065,14174,47214
near_jump,2065,6976,40016,2065,6981,40021
near_jump,2065,6978,40018,2065,8264,41304
far_call,0,3445,3445,2065,14632,47672
far_call,0,3487,3487,2065,14632,47672
far_call,0,3523,3523,2065,14632,47672
far_call,0,3562,3562,2065,14632,47672
near_jump,0,4243,4243,0,4248,4248
near_jump,0,4245,4245,0,4257,4257
far_call,0,4615,4615,5915,6494,101134
far_call,0,4646,4646,5915,6494,101134
near_jump,0,4679,4679,0,4684,4684
near_jump,0,4681,4681,0,4593,4593
near_jump,0,4918,4918,0,4923,4923
near_jump,0,4920,4920,0,7078,7078
near_jump,0,7428,7428,0,7433,7433
near_jump,0,7430,7430,0,7687,7687
near_jump,0,10656,10656,0,10661,10661
near_jump,0,10658,10658,0,10412,10412
near_jump,0,10755,10755,0,10760,10760
near_jump,0,10757,10757,0,10276,10276
near_jump,0,10868,10868,0,10873,10873
near_jump,0,10870,10870,0,10886,10886
near_jump,0,15350,15350,0,15386,15386
near_jump,0,15375,15375,0,15380,15380
near_jump,0,15377,15377,0,15386,15386
near_jump,0,15397,15397,0,15402,15402
near_jump,0,15399,15399,0,15428,15428
near_jump,0,15664,15664,0,15669,15669
near_jump,0,15666,15666,0,15672,15672
near_jump,0,15680,15680,0,15685,15685
near_jump,0,15682,15682,0,15714,15714
near_jump,0,16077,16077,0,16117,16117
near_jump,0,16139,16139,0,16144,16144
near_jump,0,16141,16141,0,16172,16172
near_jump,0,16177,16177,0,16182,16182
near_jump,0,16179,16179,0,16209,16209
near_jump,0,15905,15905,0,15978,15978
near_jump,2065,14390,47430,2065,14395,47435
near_jump,2065,14392,47432,2065,14606,47646
near_jump,2065,14364,47404,2065,14185,47225
near_jump,2065,6984,40024,2065,8258,41298
near_jump,0,4252,4252,0,4257,4257
near_jump,0,4254,4254,0,4593,4593
near_jump,0,4261,4261,0,4266,4266
near_jump,0,4263,4263,0,4507,4507
near_jump,0,4712,4712,0,4730,4730
far_call,0,4950,4950,5915,6494,101134
far_call,0,4981,4981,5915,6494,101134
near_jump,0,4998,4998,0,5003,5003
near_jump,0,5000,5000,0,7075,7075
near_jump,0,7082,7082,0,7087,7087
near_jump,0,7084,7084,0,7309,7309
near_jump,0,7437,7437,0,7442,7442
near_jump,0,7439,7439,0,7451,7451
near_jump,0,7701,7701,0,7706,7706
near_jump,0,7703,7703,0,7973,7973
near_jump,0,10661,10661,0,10666,10666
near_jump,0,10663,10663,0,10709,10709
near_jump,0,10428,10428,0,10851,10851
near_jump,0,10760,10760,0,10765,10765
near_jump,0,10762,10762,0,10808,10808
near_jump,0,10280,10280,0,10285,10285
near_jump,0,10282,10282,0,10313,10313
near_jump,0,10877,10877,0,10882,10882
near_jump,0,10879,10879,0,10886,10886
near_jump,0,10903,10903,0,10908,10908
near_jump,0,10905,10905,0,10921,10921
near_jump,0,15414,15414,0,15419,15419
near_jump,0,15416,15416,0,15425,15425
near_jump,0,15433,15433,0,15438,15438
near_jump,0,15435,15435,0,15461,15461
near_jump,0,15672,15672,0,15714,15714
near_jump,0,15703,15703,0,15708,15708
near_jump,0,15705,15705,0,15714,15714
near_jump,0,15719,15719,0,15724,15724
near_jump,0,15721,15721,0,15747,15747
near_jump,0,16158,16158,0,16163,16163
near_jump,0,16160,16160,0,16169,16169
near_jump,0,16198,16198,0,16203,16203
near_jump,0,16200,16200,0,16209,16209
near_jump,0,16229,16229,0,16234,16234
near_jump,0,16231,16231,0,16246,16246
near_jump,2065,14399,47439,2065,14404,47444
near_jump,2065,14401,47441,2065,14606,47646
near_jump,0,4266,4266,0,4271,4271
near_jump,0,4268,4268,0,4280,4280
near_jump,0,4590,4590,0,4817,4817
near_jump,0,4736,4736,0,4741,4741
near_jump,0,4738,4738,0,4789,4789
near_jump,0,5003,5003,0,5008,5008
near_jump,0,5005,5005,0,5016,5016
near_jump,0,7075,7075,0,4909,4909
near_jump,0,7091,7091,0,7096,7096
near_jump,0,7093,7093,0,7309,7309
near_jump,0,7446,7446,0,7451,7451
near_jump,0,7448,7448,0,7687,7687
near_jump,0,7455,7455,0,7460,7460
near_jump,0,7457,7457,0,7687,7687
near_jump,0,7710,7710,0,7715,7715
near_jump,0,7712,7712,0,7973,7973
near_jump,0,7987,7987,0,7992,7992
near_jump,0,7989,7989,0,8149,8149
near_jump,0,10669,10669,0,10674,10674
near_jump,0,10671,10671,0,10490,10490
near_jump,0,10712,10712,0,10717,10717
near_jump,0,10714,10714,0,10412,10412
near_jump,0,10768,10768,0,10773,10773
near_jump,0,10770,10770,0,10380,10380
near_jump,0,10811,10811,0,10816,10816
near_jump,0,10813,10813,0,10444,10444
near_jump,0,10285,10285,0,10290,10290
near_jump,0,10287,10287,0,10300,10300
near_jump,0,10317,10317,0,10322,10322
near_jump,0,10319,10319,0,10350,10350
near_jump,0,10912,10912,0,10917,10917
near_jump,0,10914,10914,0,10921,10921
near_jump,0,10931,10931,0,10936,10936
near_jump,0,10933,10933,0,10970,10970
near_jump,0,15425,15425,0,15461,15461
near_jump,0,15450,15450,0,15455,15455
near_jump,0,15452,15452,0,15461,15461
near_jump,0,15466,15466,0,15471,15471
near_jump,0,15468,15468,0,15500,15500
near_jump,0,15736,15736,0,15741,15741
near_jump,0,15738,15738,0,15747,15747
near_jump,0,15752,15752,0,15757,15757
near_jump,0,15754,15754,0,15780,15780
near_jump,0,16169,16169,0,16209,16209
near_jump,0,16251,16251,0,16256,16256
near_jump,0,16253,16253,0,16268,16268
near_jump,2065,14413,47453,2065,14418,47458
near_jump,2065,14415,47455,2065,14606,47646
near_jump,0,4275,4275,0,4280,4280
near_jump,0,4277,4277,0,4507,4507
near_jump,0,4290,4290,0,4295,4295
near_jump,0,4292,4292,0,4300,4300
near_jump,0,5011,5011,0,5016,5016
near_jump,0,5013,5013,0,7075,7075
near_jump,0,5022,5022,0,5027,5027
near_jump,0,5024,5024,0,5185,5185
near_jump,0,7100,7100,0,7105,7105
near_jump,0,7102,7102,0,7186,7186
near_jump,0,7464,7464,0,7469,7469
near_jump,0,7466,7466,0,7502,7502
near_jump,0,7719,7719,0,7724,7724
near_jump,0,7721,7721,0,7973,7973
near_jump,0,8001,8001,0,8006,8006
near_jump,0,8003,8003,0,8014,8014
near_jump,0,8157,8157,0,8162,8162
near_jump,0,8159,8159,0,9600,9600
near_jump,0,10677,10677,0,10682,10682
near_jump,0,10679,10679,0,10412,10412
near_jump,0,10505,10505,0,10510,10510
near_jump,0,10507,10507,0,10634,10634
near_jump,0,10720,10720,0,10725,10725
near_jump,0,10722,10722,0,10393,10393
near_jump,0,10776,10776,0,10781,10781
near_jump,0,10778,10778,0,10263,10263
near_jump,0,10390,10390,0,10851,10851
near_jump,0,10819,10819,0,10824,10824
near_jump,0,10821,10821,0,10380,10380
near_jump,0,10469,10469,0,10474,10474
near_jump,0,10471,10471,0,10487,10487
near_jump,0,10295,10295,0,10300,10300
near_jump,0,10297,10297,0,10313,10313
near_jump,0,10310,10310,0,10360,10360
near_jump,0,10322,10322,0,10327,10327
near_jump,0,10324,10324,0,10337,10337
near_jump,0,10360,10360,0,10851,10851
near_jump,0,10942,10942,0,10947,10947
near_jump,0,10944,10944,0,10970,10970
near_jump,0,10980,10980,0,10985,10985
near_jump,0,10982,10982,0,11018,11018
near_jump,0,15489,15489,0,15494,15494
near_jump,0,15491,15491,0,15500,15500
near_jump,0,15505,15505,0,15510,15510
near_jump,0,15507,15507,0,15539,15539
near_jump,0,15769,15769,0,15774,15774
near_jump,0,15771,15771,0,15780,15780
near_jump,0,16285,16285,0,16290,16290
near_jump,0,16287,16287,0,16302,16302
near_jump,2065,14444,47484,2065,14555,47595
near_jump,2065,14459,47499,2065,14555,47595
near_jump,2065,14487,47527,2065,14555,47595
near_jump,2065,14502,47542,2065,14555,47595
near_jump,2065,14527,47567,2065,14555,47595
near_jump,2065,14542,47582,2065,14555,47595
near_call,2065,14594,47634,2065,15002,48042
near_jump,0,4310,4310,0,4315,4315
near_jump,0,4312,4312,0,4320,4320
near_jump,0,5032,5032,0,5037,5037
near_jump,0,5034,5034,0,5185,5185
near_jump,0,5196,5196,0,5201,5201
near_jump,0,5198,5198,0,7075,7075
near_jump,0,7183,7183,0,7197,7197
near_jump,0,7208,7208,0,7213,7213
near_jump,0,7210,7210,0,7309,7309
near_jump,0,7512,7512,0,7517,7517
near_jump,0,7514,7514,0,7568,7568
near_jump,0,7730,7730,0,7735,7735
near_jump,0,7732,7732,0,7890,7890
near_jump,0,8009,8009,0,8014,8014
near_jump,0,8011,8011,0,8149,8149
near_jump,0,8023,8023,0,8028,8028
near_jump,0,8025,8025,0,8040,8040
near_jump,0,8166,8166,0,8171,8171
near_jump,0,8168,8168,0,9600,9600
near_jump,0,9605,9605,0,9610,9610
near_jump,0,9607,9607,0,9782,9782
near_jump,0,10685,10685,0,10690,10690
near_jump,0,10687,10687,0,10363,10363
near_jump,0,10516,10516,0,10521,10521
near_jump,0,10518,10518,0,10634,10634
near_jump,0,10634,10634,0,10851,10851
near_jump,0,10728,10728,0,10733,10733
near_jump,0,10730,10730,0,10393,10393
near_jump,0,10409,10409,0,10851,10851
near_jump,0,10784,10784,0,10789,10789
near_jump,0,10786,10786,0,10254,10254
near_jump,0,10273,10273,0,10851,10851
near_jump,0,10827,10827,0,10832,10832
near_jump,0,10829,10829,0,10380,10380
near_jump,0,10487,10487,0,10851,10851
near_jump,0,10332,10332,0,10337,10337
near_jump,0,10334,10334,0,10350,10350
near_jump,0,10347,10347,0,10360,10360
near_jump,0,10959,10959,0,10964,10964
near_jump,0,10961,10961,0,10970,10970
near_jump,0,10991,10991,0,10996,10996
near_jump,0,10993,10993,0,11018,11018
near_jump,0,11031,11031,0,11036,11036
near_jump,0,11033,11033,0,11059,11059
near_jump,0,15528,15528,0,15533,15533
near_jump,0,15530,15530,0,15539,15539
near_jump,0,15539,15539,0,15780,15780
near_jump,0,16297,16297,0,16302,16302
near_jump,0,16299,16299,0,20517,20517
near_jump,0,16308,16308,0,16313,16313
near_jump,0,16310,16310,0,20517,20517
near_jump,0,4330,4330,0,4335,4335
near_jump,0,4332,4332,0,4350,4350
near_jump,0,5045,5045,0,5050,5050
near_jump,0,5047,5047,0,5185,5185
near_jump,0,5207,5207,0,5212,5212
near_jump,0,5209,5209,0,5234,5234
near_jump,0,7220,7220,0,7225,7225
near_jump,0,7222,7222,0,7285,7285
far_call,0,7523,7523,3106,3600,53296
far_call,0,7534,7534,5915,6534,101174
far_call,0,7552,7552,3106,2146,51842
far_call,0,7560,7560,3106,15908,65604
near_jump,0,7565,7565,0,7604,7604
far_call,0,7568,7568,3106,3600,53296
far_call,0,7573,7573,5915,6534,101174
far_call,0,7596,7596,3106,2146,51842
far_call,0,7845,7845,5915,6534,101174
near_jump,0,7852,7852,0,7857,7857
near_jump,0,7854,7854,0,7890,7890
far_call,0,8032,8032,3106,2146,51842
near_jump,0,8049,8049,0,8054,8054
near_jump,0,8051,8051,0,8066,8066
near_jump,0,8175,8175,0,8180,8180
near_jump,0,8177,8177,0,9600,9600
near_jump,0,9614,9614,0,9619,9619
near_jump,0,9616,9616,0,9782,9782
near_jump,0,10693,10693,0,10698,10698
near_jump,0,10695,10695,0,10363,10363
near_jump,0,10377,10377,0,10851,10851
far_call,0,10523,10523,5915,6534,101174
near_jump,0,10535,10535,0,10540,10540
near_jump,0,10537,10537,0,10634,10634
near_jump,0,10736,10736,0,10741,10741
near_jump,0,10738,10738,0,10393,10393
near_jump,0,10792,10792,0,10797,10797
near_jump,0,10794,10794,0,10393,10393
near_jump,0,10260,10260,0,10851,10851
near_jump,0,10835,10835,0,10840,10840
near_jump,0,10837,10837,0,10431,10431
near_jump,0,11002,11002,0,11007,11007
near_jump,0,11004,11004,0,11018,11018
near_jump,0,11047,11047,0,11052,11052
near_jump,0,11049,11049,0,11056,11056
near_jump,0,11072,11072,0,11077,11077
near_jump,0,11074,11074,0,11097,11097
near_jump,0,20528,20528,0,20533,20533
near_jump,0,20530,20530,0,21099,21099
near_jump,0,16395,16395,0,16400,16400
near_jump,0,16397,16397,0,17093,17093
near_jump,0,4340,4340,0,4345,4345
near_jump,0,4342,4342,0,4350,4350
near_jump,0,4360,4360,0,4365,4365
near_jump,0,4362,4362,0,4370,4370
far_call,0,5069,5069,5915,6480,101120
far_call,0,5095,5095,5915,6480,101120
near_jump,0,5109,5109,0,5114,5114
near_jump,0,5111,5111,0,5131,5131
near_jump,0,5218,5218,0,5223,5223
near_jump,0,5220,5220,0,5234,5234
near_jump,0,5244,5244,0,5249,5249
near_jump,0,5246,5246,0,7075,7075
near_jump,0,7229,7229,0,7234,7234
near_jump,0,7231,7231,0,7273,7273
near_jump,0,7292,7292,0,7297,7297
near_jump,0,7294,7294,0,7309,7309
far_call,0,8058,8058,3106,2146,51842
near_jump,0,8190,8190,0,8195,8195
near_jump,0,8192,8192,0,8205,8205
near_jump,0,9665,9665,0,9670,9670
near_jump,0,9667,9667,0,9687,9687
near_jump,0,10701,10701,0,10706,10706
near_jump,0,10703,10703,0,10393,10393
near_jump,0,10744,10744,0,10749,10749
near_jump,0,10746,10746,0,10412,10412
near_jump,0,10800,10800,0,10805,10805
near_jump,0,10802,10802,0,10263,10263
near_jump,0,10843,10843,0,10848,10848
near_jump,0,10845,10845,0,10363,10363
near_jump,0,11013,11013,0,11018,11018
near_jump,0,11015,11015,0,11184,11184
near_jump,0,11056,11056,0,11097,11097
near_jump,0,11088,11088,0,11093,11093
near_jump,0,11090,11090,0,11097,11097
near_jump,0,11110,11110,0,11115,11115
near_jump,0,11112,11112,0,11142,11142
near_jump,0,20552,20552,0,20557,20557
near_jump,0,20554,20554,0,20563,20563
near_jump,0,21104,21104,0,21109,21109
near_jump,0,21106,21106,0,21330,21330
near_jump,0,16408,16408,0,16413,16413
near_jump,0,16410,16410,0,16452,16452
near_jump,0,17103,17103,0,17108,17108
near_jump,0,17105,17105,0,17134,17134
near_jump,0,4381,4381,0,4386,4386
near_jump,0,4383,4383,0,4403,4403
near_jump,0,5128,5128,0,5050,5050
near_jump,0,5155,5155,0,5160,5160
near_jump,0,5157,5157,0,5165,5165
near_jump,0,5229,5229,0,5234,5234
near_jump,0,5231,5231,0,5249,5249
near_jump,0,5267,5267,0,5272,5272
near_jump,0,5269,5269,0,5300,5300
near_jump,0,7238,7238,0,7243,7243
near_jump,0,7240,7240,0,7258,7258
far_call,0,7277,7277,3106,2146,51842
far_call,0,7301,7301,3106,2146,51842
near_jump,0,8200,8200,0,8205,8205
near_jump,0,8202,8202,0,8210,8210
near_jump,0,8214,8214,0,8219,8219
near_jump,0,8216,8216,0,8291,8291
near_jump,0,9684,9684,0,9619,9619
near_jump,0,9716,9716,0,9721,9721
near_jump,0,9718,9718,0,9782,9782
near_jump,0,10706,10706,0,10851,10851
near_jump,0,10749,10749,0,10851,10851
near_jump,0,10805,10805,0,10851,10851
near_jump,0,10848,10848,0,10851,10851
near_jump,0,11188,11188,0,11193,11193
near_jump,0,11190,11190,0,11903,11903
near_jump,0,11130,11130,0,11135,11135
near_jump,0,11132,11132,0,11139,11139
near_jump,0,11155,11155,0,11160,11160
near_jump,0,11157,11157,0,11184,11184
near_jump,0,20569,20569,0,20574,20574
near_jump,0,20571,20571,0,20583,20583
near_jump,0,21114,21114,0,21119,21119
near_jump,0,21116,21116,0,21330,21330
near_jump,0,21335,21335,0,21340,21340
near_jump,0,21337,21337,0,21588,21588
near_jump,0,16427,16427,0,16432,16432
near_jump,0,16429,16429,0,16452,16452
near_jump,0,16456,16456,0,16461,16461
near_jump,0,16458,16458,0,16498,16498
near_jump,0,17120,17120,0,17125,17125
near_jump,0,17122,17122,0,17134,17134
near_jump,0,17138,17138,0,17143,17143
near_jump,0,17140,17140,0,17166,17166
near_jump,0,4386,4386,0,4391,4391
near_jump,0,4388,4388,0,4400,4400
near_jump,0,4415,4415,0,4420,4420
near_jump,0,4417,4417,0,4471,4471
far_call,0,5169,5169,3106,2146,51842
near_jump,0,5182,5182,0,7075,7075
near_jump,0,5272,5272,0,5277,5277
near_jump,0,5274,5274,0,5286,5286
near_jump,0,5310,5310,0,5315,5315
near_jump,0,5312,5312,0,5339,5339
far_call,0,7247,7247,3106,2146,51842
near_jump,0,7255,7255,0,7270,7270
far_call,0,7262,7262,3106,2146,51842
near_jump,0,7270,7270,0,7285,7285
near_jump,0,8246,8246,0,8251,8251
near_jump,0,8248,8248,0,9600,9600
near_jump,0,8298,8298,0,8303,8303
near_jump,0,8300,8300,0,8606,8606
near_jump,0,9727,9727,0,9732,9732
near_jump,0,9729,9729,0,9744,9744
near_jump,0,11193,11193,0,11198,11198
near_jump,0,11195,11195,0,11208,11208
near_jump,0,11916,11916,0,11921,11921
near_jump,0,11918,11918,0,13630,13630
near_jump,0,11139,11139,0,11184,11184
near_jump,0,11175,11175,0,11180,11180
near_jump,0,11177,11177,0,11184,11184
near_jump,0,20588,20588,0,20593,20593
near_jump,0,20590,20590,0,20602,20602
near_jump,0,21131,21131,0,21136,21136
near_jump,0,21133,21133,0,21330,21330
near_jump,0,21346,21346,0,21351,21351
near_jump,0,21348,21348,0,21438,21438
near_jump,0,21605,21605,0,21610,21610
near_jump,0,21607,21607,0,21616,21616
near_jump,0,16470,16470,0,16475,16475
near_jump,0,16472,16472,0,16498,16498
near_jump,0,16502,16502,0,16507,16507
near_jump,0,16504,16504,0,16542,16542
near_jump,0,17152,17152,0,17157,17157
near_jump,0,17154,17154,0,17166,17166
near_jump,0,17170,17170,0,17175,17175
near_jump,0,17172,17172,0,17196,17196
near_jump,0,4395,4395,0,4400,4400
near_jump,0,4397,4397,0,4403,4403
far_call,0,4426,4426,3106,3600,53296
far_call,0,4437,4437,5915,6534,101174
far_call,0,4455,4455,3106,2146,51842
far_call,0,4463,4463,3106,15908,65604
near_jump,0,4468,4468,0,4507,4507
far_call,0,4471,4471,3106,3600,53296
far_call,0,4476,4476,5915,6534,101174
far_call,0,4499,4499,3106,2146,51842
near_jump,0,5281,5281,0,5286,5286
near_jump,0,5283,5283,0,5300,5300
near_jump,0,5291,5291,0,5296,5296
near_jump,0,5293,5293,0,5300,5300
near_jump,0,5323,5323,0,5328,5328
near_jump,0,5325,5325,0,5335,5335
near_jump,0,5347,5347,0,5352,5352
near_jump,0,5349,5349,0,5610,5610
near_jump,0,8261,8261,0,8266,8266
near_jump,0,8263,8263,0,9600,9600
near_jump,0,8317,8317,0,8322,8322
near_jump,0,8319,8319,0,8606,8606
near_jump,0,8617,8617,0,8622,8622
near_jump,0,8619,8619,0,8661,8661
far_call,0,9736,9736,3106,2146,51842
near_jump,0,11203,11203,0,11208,11208
near_jump,0,11205,11205,0,11903,11903
near_jump,0,11214,11214,0,11219,11219
near_jump,0,11216,11216,0,11903,11903
near_jump,0,11929,11929,0,11934,11934
near_jump,0,11931,11931,0,13630,13630
far_call,0,13630,13630,5915,6534,101174
near_jump,0,13650,13650,0,13679,13679
near_jump,0,20607,20607,0,20612,20612
near_jump,0,20609,20609,0,20646,20646
near_jump,0,21156,21156,0,21161,21161
near_jump,0,21158,21158,0,21167,21167
near_jump,0,21360,21360,0,21365,21365
near_jump,0,21362,21362,0,21371,21371
near_jump,0,21448,21448,0,21453,21453
near_jump,0,21450,21450,0,21459,21459
near_jump,0,21622,21622,0,21627,21627
near_jump,0,21624,21624,0,21799,21799
near_jump,0,16514,16514,0,16519,16519
near_jump,0,16516,16516,0,16542,16542
near_jump,0,16546,16546,0,16551,16551
near_jump,0,16548,16548,0,16584,16584
near_jump,0,17182,17182,0,17187,17187
near_jump,0,17184,17184,0,17196,17196
near_jump,0,17200,17200,0,17205,17205
near_jump,0,17202,17202,0,17224,17224
near_jump,0,5332,5332,0,5339,5339
near_jump,0,5365,5365,0,5370,5370
near_jump,0,5367,5367,0,5381,5381
near_jump,0,5618,5618,0,5623,5623
near_jump,0,5620,5620,0,7075,7075
near_jump,0,8279,8279,0,8284,8284
near_jump,0,8281,8281,0,9600,9600
far_call,0,8328,8328,3106,2146,51842
far_call,0,8360,8360,3106,3125,52821
near_jump,0,8373,8373,0,8378,8378
near_jump,0,8375,8375,0,8418,8418
near_jump,0,8622,8622,0,8627,8627
near_jump,0,8624,8624,0,8636,8636
near_jump,0,8665,8665,0,8670,8670
near_jump,0,8667,8667,0,9600,9600
near_jump,0,11230,11230,0,11235,11235
near_jump,0,11232,11232,0,11903,11903
near_jump,0,11939,11939,0,11944,11944
near_jump,0,11941,11941,0,11977,11977
near_jump,0,13682,13682,0,13687,13687
near_jump,0,13684,13684,0,13669,13669
near_jump,0,20618,20618,0,20623,20623
near_jump,0,20620,20620,0,20646,20646
near_jump,0,20651,20651,0,20656,20656
near_jump,0,20653,20653,0,20690,20690
far_call,0,21198,21198,3106,24624,74320
near_jump,0,21259,21259,0,21264,21264
near_jump,0,21261,21261,0,21284,21284
near_jump,0,21376,21376,0,21381,21381
near_jump,0,21378,21378,0,21387,21387
near_jump,0,21465,21465,0,21470,21470
near_jump,0,21467,21467,0,21476,21476
near_jump,0,21638,21638,0,21643,21643
near_jump,0,21640,21640,0,21673,21673
near_jump,0,21804,21804,0,21809,21809
near_jump,0,21806,21806,0,21834,21834
near_jump,0,16556,16556,0,16561,16561
near_jump,0,16558,16558,0,16584,16584
near_jump,0,16588,16588,0,16593,16593
near_jump,0,16590,16590,0,16826,16826
near_jump,0,17210,17210,0,17215,17215
near_jump,0,17212,17212,0,17224,17224
near_jump,0,17229,17229,0,17234,17234
near_jump,0,17231,17231,0,17318,17318
near_jump,0,5376,5376,0,5381,5381
near_jump,0,5378,5378,0,5415,5415
near_jump,0,5389,5389,0,5394,5394
near_jump,0,5391,5391,0,5410,5410
near_jump,0,5631,5631,0,5636,5636
near_jump,0,5633,5633,0,5642,5642
near_jump,0,8286,8286,0,8291,8291
near_jump,0,8288,8288,0,9600,9600
near_jump,0,8415,8415,0,8496,8496
near_jump,0,8422,8422,0,8427,8427
near_jump,0,8424,8424,0,8463,8463
near_jump,0,8631,8631,0,8636,8636
near_jump,0,8633,8633,0,8661,8661
near_jump,0,8646,8646,0,8651,8651
near_jump,0,8648,8648,0,8661,8661
near_jump,0,8680,8680,0,8685,8685
near_jump,0,8682,8682,0,8695,8695
near_jump,0,11241,11241,0,11246,11246
near_jump,0,11243,11243,0,11299,11299
near_jump,0,11950,11950,0,11955,11955
near_jump,0,11952,11952,0,11977,11977
near_jump,0,12026,12026,0,12031,12031
near_jump,0,12028,12028,0,12245,12245
near_jump,0,13687,13687,0,13692,13692
near_jump,0,13689,13689,0,13735,13735
near_jump,0,13673,13673,0,13794,13794
far_call,0,20627,20627,3106,2146,51842
near_jump,0,20662,20662,0,20667,20667
near_jump,0,20664,20664,0,20690,20690
near_jump,0,20694,20694,0,20699,20699
near_jump,0,20696,20696,0,20732,20732
near_jump,0,21274,21274,0,21279,21279
near_jump,0,21276,21276,0,21284,21284
far_call,0,21299,21299,3106,24624,74320
near_jump,0,21313,21313,0,21318,21318
near_jump,0,21315,21315,0,21330,21330
near_jump,0,21392,21392,0,21397,21397
near_jump,0,21394,21394,0,21403,21403
near_jump,0,21482,21482,0,21487,21487
near_jump,0,21484,21484,0,21493,21493
near_jump,0,21662,21662,0,21667,21667
near_jump,0,21664,21664,0,21670,21670
near_jump,0,21678,21678,0,21683,21683
near_jump,0,21680,21680,0,21712,21712
near_jump,0,21823,21823,0,21828,21828
near_jump,0,21825,21825,0,21834,21834
near_jump,0,21839,21839,0,21844,21844
near_jump,0,21841,21841,0,21869,21869
near_jump,0,16630,16630,0,16635,16635
near_jump,0,16632,16632,0,16641,16641
near_jump,0,16835,16835,0,16840,16840
near_jump,0,16837,16837,0,16875,16875
near_jump,0,17252,17252,0,17257,17257
near_jump,0,17254,17254,0,17318,17318
near_jump,0,17323,17323,0,17328,17328
near_jump,0,17325,17325,0,17840,17840
near_jump,0,5424,5424,0,5462,5462
far_call,0,5394,5394,5915,6534,101174
near_jump,0,5407,5407,0,5415,5415
near_jump,0,5653,5653,0,5658,5658
near_jump,0,5655,5655,0,5691,5691
far_call,0,8515,8515,3106,32538,82234
near_jump,0,8460,8460,0,8496,8496
near_jump,0,8656,8656,0,8661,8661
near_jump,0,8658,8658,0,9600,9600
near_jump,0,8690,8690,0,8695,8695
near_jump,0,8692,8692,0,9517,9517
near_jump,0,8742,8742,0,8747,8747
near_jump,0,8744,8744,0,8764,8764
near_jump,0,11251,11251,0,11256,11256
near_jump,0,11253,11253,0,11299,11299
near_jump,0,11310,11310,0,11315,11315
near_jump,0,11312,11312,0,11583,11583
near_jump,0,11961,11961,0,11966,11966
near_jump,0,11963,11963,0,11977,11977
near_jump,0,12039,12039,0,12044,12044
near_jump,0,12041,12041,0,12070,12070
near_jump,0,12256,12256,0,12261,12261
near_jump,0,12258,12258,0,12533,12533
near_jump,0,13695,13695,0,13700,13700
near_jump,0,13697,13697,0,13661,13661
near_jump,0,13738,13738,0,13743,13743
near_jump,0,13740,13740,0,13669,13669
near_jump,0,13801,13801,0,13806,13806
near_jump,0,13803,13803,0,14549,14549
far_call,0,20671,20671,3106,2146,51842
near_jump,0,20704,20704,0,20709,20709
near_jump,0,20706,20706,0,20732,20732
near_jump,0,20737,20737,0,20742,20742
near_jump,0,20739,20739,0,21087,21087
far_call,0,21322,21322,3106,2146,51842
near_jump,0,21408,21408,0,21413,21413
near_jump,0,21410,21410,0,21419,21419
near_jump,0,21499,21499,0,21504,21504
near_jump,0,21501,21501,0,21510,21510
near_jump,0,21670,21670,0,21712,21712
near_jump,0,21701,21701,0,21706,21706
near_jump,0,21703,21703,0,21712,21712
near_jump,0,21723,21723,0,21728,21728
near_jump,0,21725,21725,0,21760,21760
near_jump,0,21858,21858,0,21863,21863
near_jump,0,21860,21860,0,21869,21869
near_jump,0,21874,21874,0,21879,21879
near_jump,0,21876,21876,0,21972,21972
far_call,0,16645,16645,3106,2146,51842
far_call,0,16672,16672,3106,32538,82234
far_call,0,16711,16711,3106,24624,74320
near_jump,0,16772,16772,0,16777,16777
near_jump,0,16774,16774,0,16797,16797
near_jump,0,16852,16852,0,16857,16857
near_jump,0,16854,16854,0,16875,16875
near_jump,0,16879,16879,0,16884,16884
near_jump,0,16881,16881,0,16916,16916
near_jump,0,17257,17257,0,17262,17262
near_jump,0,17259,17259,0,17270,17270
near_jump,0,17333,17333,0,17338,17338
near_jump,0,17335,17335,0,17840,17840
near_jump,0,17850,17850,0,17855,17855
near_jump,0,17852,17852,0,17865,17865
near_jump,0,5465,5465,0,5470,5470
near_jump,0,5467,5467,0,5443,5443
near_jump,0,5664,5664,0,5669,5669
near_jump,0,5666,5666,0,5691,5691
near_jump,0,5702,5702,0,5707,5707
near_jump,0,5704,5704,0,5718,5718
near_jump,0,8761,8761,0,8695,8695
near_jump,0,8815,8815,0,8820,8820
near_jump,0,8817,8817,0,8955,8955
far_call,0,11262,11262,3106,3600,53296
far_call,0,11283,11283,3106,2146,51842
far_call,0,11291,11291,3106,15908,65604
near_jump,0,11296,11296,0,11903,11903
near_jump,0,11315,11315,0,11320,11320
near_jump,0,11317,11317,0,11329,11329
near_jump,0,11594,11594,0,11599,11599
near_jump,0,11596,11596,0,11903,11903
near_jump,0,11972,11972,0,11977,11977
near_jump,0,11974,11974,0,13630,13630
far_call,0,12062,12062,3106,3125,52821
far_call,0,12234,12234,3106,2146,51842
near_jump,0,12242,12242,0,13630,13630
far_call,0,12266,12266,5915,6534,101174
near_jump,0,12280,12280,0,12285,12285
near_jump,0,12282,12282,0,12326,12326
near_jump,0,12544,12544,0,12549,12549
near_jump,0,12546,12546,0,12908,12908
near_jump,0,13703,13703,0,13708,13708
near_jump,0,13705,13705,0,13653,13653
near_jump,0,13666,13666,0,13794,13794
near_jump,0,13743,13743,0,13748,13748
near_jump,0,13745,13745,0,13767,13767
near_jump,0,13811,13811,0,13816,13816
near_jump,0,13813,13813,0,14549,14549
near_jump,0,14560,14560,0,14565,14565
near_jump,0,14562,14562,0,14613,14613
far_call,0,20713,20713,3106,2146,51842
far_call,0,20746,20746,3106,41750,91446
near_jump,0,20813,20813,0,20818,20818
near_jump,0,20815,20815,0,20910,20910
far_call,0,21091,21091,3106,41750,91446
near_jump,0,21424,21424,0,21429,21429
near_jump,0,21426,21426,0,21435,21435
near_jump,0,21516,21516,0,21521,21521
near_jump,0,21518,21518,0,21527,21527
near_jump,0,21749,21749,0,21754,21754
near_jump,0,21751,21751,0,21757,21757
near_jump,0,21765,21765,0,21770,21770
near_jump,0,21767,21767,0,21799,21799
near_jump,0,21894,21894,0,21899,21899
near_jump,0,21896,21896,0,21905,21905
near_jump,0,21982,21982,0,21987,21987
near_jump,0,21984,21984,0,21997,21997
near_jump,0,16787,16787,0,16792,16792
near_jump,0,16789,16789,0,16797,16797
far_call,0,16812,16812,3106,24624,74320
near_jump,0,16893,16893,0,16898,16898
near_jump,0,16895,16895,0,16916,16916
near_jump,0,16920,16920,0,16925,16925
near_jump,0,16922,16922,0,16955,16955
near_jump,0,17265,17265,0,17270,17270
near_jump,0,17267,17267,0,17318,17318
near_jump,0,17274,17274,0,17279,17279
near_jump,0,17276,17276,0,17291,17291
near_jump,0,17355,17355,0,17360,17360
near_jump,0,17357,17357,0,17375,17375
near_jump,0,17860,17860,0,17865,17865
near_jump,0,17862,17862,0,18425,18425
near_jump,0,17877,17877,0,17882,17882
near_jump,0,17879,17879,0,17966,17966
near_jump,0,5470,5470,0,5475,5475
near_jump,0,5472,5472,0,5502,5502
near_jump,0,5448,5448,0,5529,5529
near_jump,0,5675,5675,0,5680,5680
near_jump,0,5677,5677,0,5691,5691
near_jump,0,5715,5715,0,5730,5730
far_call,0,5722,5722,3106,2146,51842
near_jump,0,5741,5741,0,5746,5746
near_jump,0,5743,5743,0,5753,5753
far_call,0,8856,8856,5915,6772,101412
near_jump,0,8899,8899,0,8904,8904
near_jump,0,8901,8901,0,8909,8909
near_jump,0,8970,8970,0,8975,8975
near_jump,0,8972,8972,0,9120,9120
near_jump,0,11324,11324,0,11329,11329
near_jump,0,11326,11326,0,11583,11583
near_jump,0,11333,11333,0,11338,11338
near_jump,0,11335,11335,0,11580,11580
near_jump,0,11605,11605,0,11610,11610
near_jump,0,11607,11607,0,11903,11903
near_jump,0,12305,12305,0,12310,12310
near_jump,0,12307,12307,0,12326,12326
near_jump,0,12330,12330,0,12335,12335
near_jump,0,12332,12332,0,12376,12376
far_call,0,12576,12576,5915,6534,101174
near_jump,0,12587,12587,0,12837,12837
near_jump,0,12919,12919,0,12924,12924
near_jump,0,12921,12921,0,12946,12946
near_jump,0,13711,13711,0,13716,13716
near_jump,0,13713,13713,0,13653,13653
near_jump,0,13658,13658,0,13794,13794
near_jump,0,13751,13751,0,13756,13756
near_jump,0,13753,13753,0,13661,13661
near_jump,0,13770,13770,0,13775,13775
near_jump,0,13772,13772,0,13669,13669
near_jump,0,13826,13826,0,13831,13831
near_jump,0,13828,13828,0,14549,14549
near_jump,0,14573,14573,0,14578,14578
near_jump,0,14575,14575,0,14613,14613
near_jump,0,14624,14624,0,14629,14629
near_jump,0,14626,14626,0,14676,14676
near_jump,0,20820,20820,0,20825,20825
near_jump,0,20822,20822,0,20910,20910
near_jump,0,20916,20916,0,20921,20921
near_jump,0,20918,20918,0,20940,20940
near_jump,0,21435,21435,0,21527,21527
near_jump,0,21532,21532,0,21537,21537
near_jump,0,21534,21534,0,21588,21588
near_jump,0,21757,21757,0,21799,21799
near_jump,0,21788,21788,0,21793,21793
near_jump,0,21790,21790,0,21799,21799
near_jump,0,21911,21911,0,21916,21916
near_jump,0,21913,21913,0,21922,21922
near_jump,0,21992,21992,0,21997,21997
near_jump,0,21994,21994,0,22324,22324
near_jump,0,22022,22022,0,22027,22027
near_jump,0,22024,22024,0,22174,22174
near_jump,0,16932,16932,0,16937,16937
near_jump,0,16934,16934,0,16955,16955
near_jump,0,16959,16959,0,16964,16964
near_jump,0,16961,16961,0,16992,16992
far_call,0,17283,17283,3106,2146,51842
near_jump,0,17302,17302,0,17307,17307
near_jump,0,17304,17304,0,17313,17313
near_jump,0,17365,17365,0,17370,17370
near_jump,0,17367,17367,0,17375,17375
near_jump,0,17384,17384,0,17389,17389
near_jump,0,17386,17386,0,17404,17404
near_jump,0,18429,18429,0,18434,18434
near_jump,0,18431,18431,0,20508,20508
near_jump,0,17886,17886,0,17891,17891
near_jump,0,17888,17888,0,17924,17924
near_jump,0,17975,17975,0,17980,17980
near_jump,0,17977,17977,0,18064,18064
near_jump,0,5478,5478,0,5483,5483
near_jump,0,5480,5480,0,5451,5451
near_jump,0,5505,5505,0,5510,5510
near_jump,0,5507,5507,0,5443,5443
near_jump,0,5540,5540,0,5545,5545
near_jump,0,5542,5542,0,5560,5560
near_jump,0,5686,5686,0,5691,5691
near_jump,0,5688,5688,0,5851,5851
near_jump,0,5750,5750,0,5765,5765
far_call,0,5757,5757,3106,2146,51842
near_jump,0,5848,5848,0,7075,7075
near_jump,0,8946,8946,0,8951,8951
near_jump,0,8948,8948,0,8955,8955
far_call,0,9018,9018,5915,6772,101412
near_jump,0,9065,9065,0,9070,9070
near_jump,0,9067,9067,0,9074,9074
near_jump,0,9135,9135,0,9140,9140
near_jump,0,9137,9137,0,9284,9284
near_jump,0,11338,11338,0,11343,11343
near_jump,0,11340,11340,0,11352,11352
near_jump,0,11580,11580,0,11903,11903
near_jump,0,11616,11616,0,11621,11621
near_jump,0,11618,11618,0,11903,11903
near_jump,0,12355,12355,0,12360,12360
near_jump,0,12357,12357,0,12376,12376
near_jump,0,12380,12380,0,12385,12385
near_jump,0,12382,12382,0,12426,12426
near_jump,0,12839,12839,0,12844,12844
near_jump,0,12841,12841,0,12590,12590
near_jump,0,12930,12930,0,12935,12935
near_jump,0,12932,12932,0,12946,12946
near_jump,0,12957,12957,0,12962,12962
near_jump,0,12959,12959,0,12967,12967
near_jump,0,13719,13719,0,13724,13724
near_jump,0,13721,13721,0,13661,13661
near_jump,0,13759,13759,0,13764,13764
near_jump,0,13761,13761,0,13653,13653
near_jump,0,13778,13778,0,13783,13783
near_jump,0,13780,13780,0,13669,13669
near_jump,0,13837,13837,0,13842,13842
near_jump,0,13839,13839,0,14549,14549
near_jump,0,14583,14583,0,14588,14588
near_jump,0,14585,14585,0,14613,14613
near_jump,0,14637,14637,0,14642,14642
near_jump,0,14639,14639,0,14676,14676
near_jump,0,14687,14687,0,14692,14692
near_jump,0,14689,14689,0,14727,14727
near_jump,0,20825,20825,0,20879,20879
near_jump,0,20927,20927,0,20932,20932
near_jump,0,20929,20929,0,20940,20940
near_jump,0,20946,20946,0,20951,20951
near_jump,0,20948,20948,0,20954,20954
near_jump,0,21577,21577,0,21582,21582
near_jump,0,21579,21579,0,21588,21588
near_jump,0,21932,21932,0,21937,21937
near_jump,0,21934,21934,0,21947,21947
near_jump,0,22377,22377,0,22382,22382
near_jump,0,22379,22379,0,22439,22439
far_call,0,22078,22078,5915,6772,101412
far_call,0,22085,22085,5915,6772,101412
far_call,0,22126,22126,5915,6772,101412
far_call,0,22133,22133,5915,6772,101412
far_call,0,22166,22166,3106,18836,68532
near_jump,0,22179,22179,0,22184,22184
near_jump,0,22181,22181,0,22324,22324
near_jump,0,16969,16969,0,16974,16974
near_jump,0,16971,16971,0,16992,16992
near_jump,0,16996,16996,0,17001,17001
near_jump,0,16998,16998,0,17093,17093
far_call,0,17313,17313,3106,3600,53296
near_jump,0,17394,17394,0,17399,17399
near_jump,0,17396,17396,0,17404,17404
near_jump,0,17411,17411,0,17416,17416
near_jump,0,17413,17413,0,17431,17431
near_jump,0,18439,18439,0,18444,18444
near_jump,0,18441,18441,0,20508,20508
near_jump,0,20514,20514,0,20523,20523
near_jump,0,17896,17896,0,17901,17901
near_jump,0,17898,17898,0,17924,17924
near_jump,0,17928,17928,0,17933,17933
near_jump,0,17930,17930,0,17966,17966
near_jump,0,17984,17984,0,17989,17989
near_jump,0,17986,17986,0,18022,18022
near_jump,0,18071,18071,0,18076,18076
near_jump,0,18073,18073,0,18160,18160
near_jump,0,5486,5486,0,5491,5491
near_jump,0,5488,5488,0,5451,5451
near_jump,0,5456,5456,0,5529,5529
near_jump,0,5513,5513,0,5518,5518
near_jump,0,5515,5515,0,5427,5427
near_jump,0,5551,5551,0,5556,5556
near_jump,0,5553,5553,0,5560,5560
near_jump,0,5570,5570,0,5575,5575
near_jump,0,5572,5572,0,5610,5610
near_jump,0,5866,5866,0,5871,5871
near_jump,0,5868,5868,0,5882,5882
near_jump,0,9111,9111,0,9116,9116
near_jump,0,9113,9113,0,9120,9120
far_call,0,9185,9185,5915,6772,101412
near_jump,0,9229,9229,0,9234,9234
near_jump,0,9231,9231,0,9238,9238
near_jump,0,9299,9299,0,9304,9304
near_jump,0,9301,9301,0,9448,9448
near_jump,0,11347,11347,0,11352,11352
near_jump,0,11349,11349,0,11580,11580
near_jump,0,11363,11363,0,11368,11368
near_jump,0,11365,11365,0,11453,11453
near_jump,0,11627,11627,0,11632,11632
near_jump,0,11629,11629,0,11903,11903
near_jump,0,12405,12405,0,12410,12410
near_jump,0,12407,12407,0,12426,12426
near_jump,0,12430,12430,0,12435,12435
near_jump,0,12432,12432,0,12476,12476
near_jump,0,12845,12845,0,12850,12850
near_jump,0,12847,12847,0,12651,12651
near_jump,0,12602,12602,0,12607,12607
near_jump,0,12604,12604,0,12648,12648
near_jump,0,12941,12941,0,12946,12946
near_jump,0,12943,12943,0,13357,13357
near_jump,0,12978,12978,0,12983,12983
near_jump,0,12980,12980,0,12988,12988
near_jump,0,13727,13727,0,13732,13732
near_jump,0,13729,13729,0,13669,13669
near_jump,0,13764,13764,0,13794,13794
near_jump,0,13786,13786,0,13791,13791
near_jump,0,13788,13788,0,13669,13669
near_jump,0,13848,13848,0,13853,13853
near_jump,0,13850,13850,0,14549,14549
far_call,0,14590,14590,5915,6534,101174
near_jump,0,14602,14602,0,14607,14607
near_jump,0,14604,14604,0,14613,14613
near_jump,0,14647,14647,0,14652,14652
near_jump,0,14649,14649,0,14676,14676
near_jump,0,14697,14697,0,14702,14702
near_jump,0,14699,14699,0,14727,14727
near_jump,0,14738,14738,0,14743,14743
near_jump,0,14740,14740,0,14890,14890
near_jump,0,20882,20882,0,20887,20887
near_jump,0,20884,20884,0,20907,20907
near_jump,0,20935,20935,0,20940,20940
near_jump,0,20937,20937,0,21039,21039
near_jump,0,20957,20957,0,21011,21011
near_jump,0,21957,21957,0,21962,21962
near_jump,0,21959,21959,0,21972,21972
near_jump,0,22385,22385,0,22390,22390
near_jump,0,22387,22387,0,22439,22439
near_jump,0,22449,22449,0,22454,22454
near_jump,0,22451,22451,0,22764,22764
far_call,0,22228,22228,5915,6772,101412
far_call,0,22235,22235,5915,6772,101412
far_call,0,22280,22280,5915,6772,101412
far_call,0,22287,22287,5915,6772,101412
far_call,0,22316,22316,3106,18836,68532
far_call,0,17005,17005,3106,2146,51842
far_call,0,17013,17013,5915,6534,101174
near_jump,0,17027,17027,0,17032,17032
near_jump,0,17029,17029,0,17061,17061
near_jump,0,17421,17421,0,17426,17426
near_jump,0,17423,17423,0,17431,17431
near_jump,0,17436,17436,0,17441,17441
near_jump,0,17438,17438,0,17456,17456
near_jump,0,18466,18466,0,18471,18471
near_jump,0,18468,18468,0,18839,18839
near_jump,0,17938,17938,0,17943,17943
near_jump,0,17940,17940,0,17966,17966
near_jump,0,17994,17994,0,17999,17999
near_jump,0,17996,17996,0,18022,18022
near_jump,0,18026,18026,0,18031,18031
near_jump,0,18028,18028,0,18064,18064
near_jump,0,18080,18080,0,18085,18085
near_jump,0,18082,18082,0,18118,18118
near_jump,0,18165,18165,0,18170,18170
near_jump,0,18167,18167,0,18254,18254
near_jump,0,5494,5494,0,5499,5499
near_jump,0,5496,5496,0,5451,5451
near_jump,0,5521,5521,0,5526,5526
near_jump,0,5523,5523,0,5435,5435
near_jump,0,5432,5432,0,5529,5529
near_jump,0,5581,5581,0,5586,5586
near_jump,0,5583,5583,0,5610,5610
near_jump,0,5877,5877,0,5882,5882
near_jump,0,5879,5879,0,5922,5922
far_call,0,5911,5911,3106,3125,52821
near_jump,0,5919,5919,0,5959,5959
near_jump,0,9275,9275,0,9280,9280
near_jump,0,9277,9277,0,9284,9284
far_call,0,9350,9350,5915,6772,101412
near_jump,0,9393,9393,0,9398,9398
near_jump,0,9395,9395,0,9402,9402
near_jump,0,9455,9455,0,9460,9460
near_jump,0,9457,9457,0,9479,9479
near_jump,0,11373,11373,0,11378,11378
near_jump,0,11375,11375,0,11453,11453
near_jump,0,11463,11463,0,11468,11468
near_jump,0,11465,11465,0,11580,11580
near_jump,0,11638,11638,0,11643,11643
near_jump,0,11640,11640,0,11654,11654
near_jump,0,12455,12455,0,12460,12460
near_jump,0,12457,12457,0,12476,12476
near_jump,0,12483,12483,0,12488,12488
near_jump,0,12485,12485,0,12519,12519
near_jump,0,12851,12851,0,12856,12856
near_jump,0,12853,12853,0,12712,12712
near_jump,0,12663,12663,0,12668,12668
near_jump,0,12665,12665,0,12709,12709
near_jump,0,12627,12627,0,12632,12632
near_jump,0,12629,12629,0,12648,12648
near_jump,0,12648,12648,0,12865,12865
near_jump,0,13372,13372,0,13377,13377
near_jump,0,13374,13374,0,13434,13434
near_jump,0,12999,12999,0,13004,13004
near_jump,0,13001,13001,0,13009,13009
near_jump,0,13732,13732,0,13794,13794
near_jump,0,13791,13791,0,13794,13794
near_jump,0,13859,13859,0,13864,13864
near_jump,0,13861,13861,0,14549,14549
far_call,0,14654,14654,5915,6534,101174
near_jump,0,14665,14665,0,14670,14670
near_jump,0,14667,14667,0,14676,14676
far_call,0,14704,14704,5915,6534,101174
near_jump,0,14716,14716,0,14721,14721
near_jump,0,14718,14718,0,14727,14727
near_jump,0,14751,14751,0,14756,14756
near_jump,0,14753,14753,0,14890,14890
near_jump,0,20907,20907,0,21039,21039
near_jump,0,21043,21043,0,21048,21048
near_jump,0,21045,21045,0,21064,21064
near_jump,0,21014,21014,0,21019,21019
near_jump,0,21016,21016,0,21039,21039
near_jump,0,22393,22393,0,22398,22398
near_jump,0,22395,22395,0,22439,22439
near_jump,0,22465,22465,0,22470,22470
near_jump,0,22467,22467,0,22508,22508
near_jump,0,22789,22789,0,22794,22794
near_jump,0,22791,22791,0,22889,22889
near_jump,0,17058,17058,0,17087,17087
near_jump,0,17446,17446,0,17451,17451
near_jump,0,17448,17448,0,17456,17456
near_jump,0,17460,17460,0,17465,17465
near_jump,0,17462,17462,0,17496,17496
near_jump,0,18483,18483,0,18488,18488
near_jump,0,18485,18485,0,18839,18839
near_jump,0,18861,18861,0,18866,18866
near_jump,0,18863,18863,0,19236,19236
near_jump,0,18036,18036,0,18041,18041
near_jump,0,18038,18038,0,18064,18064
near_jump,0,18090,18090,0,18095,18095
near_jump,0,18092,18092,0,18118,18118
near_jump,0,18122,18122,0,18127,18127
near_jump,0,18124,18124,0,18160,18160
near_jump,0,18174,18174,0,18179,18179
near_jump,0,18176,18176,0,18212,18212
near_jump,0,18258,18258,0,18263,18263
near_jump,0,18260,18260,0,18425,18425
near_jump,0,5499,5499,0,5529,5529
near_jump,0,5526,5526,0,5529,5529
near_jump,0,5440,5440,0,5529,5529
near_jump,0,5599,5599,0,5604,5604
near_jump,0,5601,5601,0,5610,5610
far_call,0,5951,5951,3106,3125,52821
near_jump,0,5970,5970,0,5975,5975
near_jump,0,5972,5972,0,6406,6406
near_jump,0,9439,9439,0,9444,9444
near_jump,0,9441,9441,0,9448,9448
near_jump,0,9486,9486,0,9491,9491
near_jump,0,9488,9488,0,9509,9509
near_jump,0,11384,11384,0,11389,11389
near_jump,0,11386,11386,0,11453,11453
near_jump,0,11488,11488,0,11493,11493
near_jump,0,11490,11490,0,11544,11544
near_jump,0,11649,11649,0,11654,11654
near_jump,0,11651,11651,0,11694,11694
far_call,0,11683,11683,3106,3125,52821
near_jump,0,11691,11691,0,11731,11731
near_jump,0,12501,12501,0,12506,12506
near_jump,0,12503,12503,0,12519,12519
near_jump,0,12530,12530,0,12908,12908
near_jump,0,12857,12857,0,12862,12862
near_jump,0,12859,12859,0,12773,12773
near_jump,0,12724,12724,0,12729,12729
near_jump,0,12726,12726,0,12770,12770
near_jump,0,12688,12688,0,12693,12693
near_jump,0,12690,12690,0,12709,12709
near_jump,0,12709,12709,0,12865,12865
near_jump,0,12872,12872,0,12877,12877
near_jump,0,12874,12874,0,12908,12908
near_jump,0,13387,13387,0,13392,13392
near_jump,0,13389,13389,0,13434,13434
near_jump,0,13480,13480,0,13485,13485
near_jump,0,13482,13482,0,13540,13540
far_call,0,13031,13031,5915,6494,101134
far_call,0,13062,13062,5915,6494,101134
near_jump,0,13086,13086,0,13091,13091
near_jump,0,13088,13088,0,13357,13357
near_jump,0,13870,13870,0,13875,13875
near_jump,0,13872,13872,0,14549,14549
near_jump,0,14762,14762,0,14767,14767
near_jump,0,14764,14764,0,14890,14890
near_jump,0,21061,21061,0,21087,21087
near_jump,0,21070,21070,0,21075,21075
near_jump,0,21072,21072,0,21087,21087
far_call,0,22398,22398,3106,21330,71026
far_call,0,22407,22407,3106,22056,71752
far_call,0,22419,22419,3106,22924,72620
far_call,0,22431,22431,3106,9836,59532
near_jump,0,22499,22499,0,22504,22504
near_jump,0,22501,22501,0,22508,22508
near_jump,0,22515,22515,0,22520,22520
near_jump,0,22517,22517,0,22558,22558
far_call,0,22811,22811,5915,6480,101120
far_call,0,22834,22834,5915,6480,101120
near_jump,0,22850,22850,0,22855,22855
near_jump,0,22852,22852,0,22865,22865
near_jump,0,22894,22894,0,22899,22899
near_jump,0,22896,22896,0,22926,22926
far_call,0,17465,17465,3106,37050,86746
near_jump,0,17501,17501,0,17506,17506
near_jump,0,17503,17503,0,17840,17840
near_jump,0,18497,18497,0,18502,18502
near_jump,0,18499,18499,0,18510,18510
near_jump,0,18875,18875,0,18880,18880
near_jump,0,18877,18877,0,19236,19236
near_jump,0,19258,19258,0,19263,19263
near_jump,0,19260,19260,0,19626,19626
near_jump,0,18132,18132,0,18137,18137
near_jump,0,18134,18134,0,18160,18160
near_jump,0,18184,18184,0,18189,18189
near_jump,0,18186,18186,0,18212,18212
near_jump,0,18216,18216,0,18221,18221
near_jump,0,18218,18218,0,18254,18254
far_call,0,18267,18267,3106,2146,51842
near_jump,0,18280,18280,0,18285,18285
near_jump,0,18282,18282,0,18384,18384
near_jump,0,5980,5980,0,5985,5985
near_jump,0,5982,5982,0,6327,6327
near_jump,0,6417,6417,0,6422,6422
near_jump,0,6419,6419,0,6462,6462
near_jump,0,9514,9514,0,9600,9600
near_jump,0,11397,11397,0,11402,11402
near_jump,0,11399,11399,0,11453,11453
far_call,0,11499,11499,3106,3600,53296
far_call,0,11510,11510,5915,6534,101174
far_call,0,11528,11528,3106,2146,51842
far_call,0,11536,11536,3106,15908,65604
near_jump,0,11541,11541,0,11580,11580
far_call,0,11544,11544,3106,3600,53296
far_call,0,11549,11549,5915,6534,101174
far_call,0,11572,11572,3106,2146,51842
far_call,0,11723,11723,3106,3125,52821
far_call,0,11895,11895,3106,2146,51842
near_jump,0,12514,12514,0,12519,12519
near_jump,0,12516,12516,0,12266,12266
near_jump,0,12862,12862,0,12865,12865
near_jump,0,12785,12785,0,12790,12790
near_jump,0,12787,12787,0,12831,12831
near_jump,0,12749,12749,0,12754,12754
near_jump,0,12751,12751,0,12770,12770
near_jump,0,12770,12770,0,12865,12865
near_jump,0,12890,12890,0,12895,12895
near_jump,0,12892,12892,0,12908,12908
near_jump,0,13397,13397,0,13402,13402
near_jump,0,13399,13399,0,13413,13413
near_jump,0,13537,13537,0,13609,13609
near_jump,0,13091,13091,0,13096,13096
near_jump,0,13093,13093,0,13103,13103
near_jump,0,13881,13881,0,13886,13886
near_jump,0,13883,13883,0,14549,14549
far_call,0,14769,14769,5915,6534,101174
near_jump,0,14781,14781,0,14786,14786
near_jump,0,14783,14783,0,14890,14890
far_call,0,21079,21079,3106,2146,51842
near_jump,0,22549,22549,0,22554,22554
near_jump,0,22551,22551,0,22558,22558
near_jump,0,22565,22565,0,22570,22570
near_jump,0,22567,22567,0,22612,22612
near_jump,0,22860,22860,0,22865,22865
near_jump,0,22862,22862,0,22870,22870
near_jump,0,22879,22879,0,22884,22884
near_jump,0,22881,22881,0,22889,22889
near_jump,0,22904,22904,0,22909,22909
near_jump,0,22906,22906,0,22926,22926
near_jump,0,22935,22935,0,22940,22940
near_jump,0,22937,22937,0,22959,22959
near_jump,0,17523,17523,0,17528,17528
near_jump,0,17525,17525,0,17543,17543
near_jump,0,18505,18505,0,18510,18510
near_jump,0,18507,18507,0,18555,18555
near_jump,0,18538,18538,0,18543,18543
near_jump,0,18540,18540,0,18555,18555
near_jump,0,18889,18889,0,18894,18894
near_jump,0,18891,18891,0,18902,18902
near_jump,0,19270,19270,0,19275,19275
near_jump,0,19272,19272,0,19626,19626
near_jump,0,19648,19648,0,19653,19653
near_jump,0,19650,19650,0,20019,20019
near_jump,0,18226,18226,0,18231,18231
near_jump,0,18228,18228,0,18254,18254
near_jump,0,18289,18289,0,18294,18294
near_jump,0,18291,18291,0,18384,18384
near_jump,0,18389,18389,0,18394,18394
near_jump,0,18391,18391,0,18425,18425
far_call,0,6028,6028,5915,6534,101174
far_call,0,6043,6043,5915,6534,101174
near_jump,0,6089,6089,0,6094,6094
near_jump,0,6091,6091,0,6028,6028
near_jump,0,6332,6332,0,6337,6337
near_jump,0,6334,6334,0,6406,6406
near_jump,0,6473,6473,0,6478,6478
near_jump,0,6475,6475,0,6518,6518
far_call,0,11408,11408,3106,3600,53296
far_call,0,11419,11419,5915,6534,101174
far_call,0,11437,11437,3106,2146,51842
far_call,0,11445,11445,3106,15908,65604
near_jump,0,11450,11450,0,11580,11580
near_jump,0,12810,12810,0,12815,12815
near_jump,0,12812,12812,0,12831,12831
near_jump,0,12831,12831,0,12865,12865
near_jump,0,12903,12903,0,12908,12908
near_jump,0,12905,12905,0,12576,12576
near_jump,0,13408,13408,0,13413,13413
near_jump,0,13410,13410,0,13434,13434
near_jump,0,13098,13098,0,13103,13103
near_jump,0,13100,13100,0,13357,13357
far_call,0,13103,13103,5915,6534,101174
near_jump,0,13110,13110,0,13115,13115
near_jump,0,13112,13112,0,13235,13235
near_jump,0,13892,13892,0,13897,13897
near_jump,0,13894,13894,0,14549,14549
near_jump,0,22603,22603,0,22608,22608
near_jump,0,22605,22605,0,22612,22612
near_jump,0,22619,22619,0,22624,22624
near_jump,0,22621,22621,0,22666,22666
near_jump,0,22914,22914,0,22919,22919
near_jump,0,22916,22916,0,22926,22926
near_jump,0,22945,22945,0,22950,22950
near_jump,0,22947,22947,0,23141,23141
near_jump,0,22968,22968,0,22973,22973
near_jump,0,22970,22970,0,22979,22979
near_jump,0,17533,17533,0,17538,17538
near_jump,0,17535,17535,0,17543,17543
near_jump,0,17552,17552,0,17557,17557
near_jump,0,17554,17554,0,17572,17572
near_jump,0,18564,18564,0,18569,18569
near_jump,0,18566,18566,0,18577,18577
near_jump,0,18897,18897,0,18902,18902
near_jump,0,18899,18899,0,18948,18948
near_jump,0,18930,18930,0,18935,18935
near_jump,0,18932,18932,0,18948,18948
near_jump,0,19284,19284,0,19289,19289
near_jump,0,19286,19286,0,19297,19297
near_jump,0,19658,19658,0,19663,19663
near_jump,0,19660,19660,0,20019,20019
near_jump,0,20024,20024,0,20029,20029
near_jump,0,20026,20026,0,20476,20476
near_jump,0,18299,18299,0,18304,18304
near_jump,0,18301,18301,0,18372,18372
near_jump,0,18398,18398,0,18403,18403
near_jump,0,18400,18400,0,18425,18425
far_call,0,6100,6100,5915,6480,101120
far_call,0,6114,6114,5915,6480,101120
near_jump,0,6127,6127,0,6132,6132
near_jump,0,6129,6129,0,6141,6141
near_jump,0,6527,6527,0,6692,6692
near_jump,0,13122,13122,0,13127,13127
near_jump,0,13124,13124,0,13171,13171
near_jump,0,13247,13247,0,13252,13252
near_jump,0,13249,13249,0,13296,13296
near_jump,0,13903,13903,0,13908,13908
near_jump,0,13905,13905,0,14549,14549
near_jump,0,22657,22657,0,22662,22662
near_jump,0,22659,22659,0,22666,22666
near_jump,0,22670,22670,0,22675,22675
near_jump,0,22672,22672,0,22764,22764
near_jump,0,22923,22923,0,22930,22930
near_jump,0,22954,22954,0,22959,22959
near_jump,0,22956,22956,0,23141,23141
near_jump,0,23146,23146,0,23151,23151
near_jump,0,23148,23148,0,23170,23170
near_jump,0,22984,22984,0,22989,22989
near_jump,0,22986,22986,0,23045,23045
near_jump,0,17562,17562,0,17567,17567
near_jump,0,17564,17564,0,17572,17572
near_jump,0,17579,17579,0,17584,17584
near_jump,0,17581,17581,0,17599,17599
near_jump,0,18572,18572,0,18577,18577
near_jump,0,18574,18574,0,18622,18622
near_jump,0,18605,18605,0,18610,18610
near_jump,0,18607,18607,0,18622,18622
near_jump,0,18957,18957,0,18962,18962
near_jump,0,18959,18959,0,18970,18970
near_jump,0,19292,19292,0,19297,19297
near_jump,0,19294,19294,0,19342,19342
near_jump,0,19325,19325,0,19330,19330
near_jump,0,19327,19327,0,19342,19342
near_jump,0,19672,19672,0,19677,19677
near_jump,0,19674,19674,0,19685,19685
near_jump,0,20034,20034,0,20039,20039
near_jump,0,20036,20036,0,20074,20074
near_jump,0,20481,20481,0,20486,20486
near_jump,0,20483,20483,0,20508,20508
far_call,0,18308,18308,3106,19830,69526
near_jump,0,18321,18321,0,18326,18326
near_jump,0,18323,18323,0,18365,18365
near_jump,0,18408,18408,0,18413,18413
near_jump,0,18410,18410,0,18425,18425
near_jump,0,6136,6136,0,6141,6141
near_jump,0,6138,6138,0,6028,6028
near_jump,0,6316,6316,0,6321,6321
near_jump,0,6318,6318,0,6327,6327
near_jump,0,6695,6695,0,6700,6700
near_jump,0,6697,6697,0,6622,6622
near_jump,0,13147,13147,0,13152,13152
near_jump,0,13149,13149,0,13171,13171
near_jump,0,13183,13183,0,13188,13188
near_jump,0,13185,13185,0,13232,13232
near_jump,0,13272,13272,0,13277,13277
near_jump,0,13274,13274,0,13296,13296
near_jump,0,13308,13308,0,13313,13313
near_jump,0,13310,13310,0,13357,13357
near_jump,0,13939,13939,0,13944,13944
near_jump,0,13941,13941,0,14112,14112
far_call,0,22679,22679,5915,6480,101120
far_call,0,22693,22693,5915,6480,101120
near_jump,0,22706,22706,0,22711,22711
near_jump,0,22708,22708,0,22764,22764
near_jump,0,23156,23156,0,23161,23161
near_jump,0,23158,23158,0,23352,23352
near_jump,0,23179,23179,0,23184,23184
near_jump,0,23181,23181,0,23190,23190
far_call,0,23034,23034,3106,32538,82234
near_jump,0,23042,23042,0,23049,23049
near_jump,0,23055,23055,0,23060,23060
near_jump,0,23057,23057,0,23072,23072
near_jump,0,17589,17589,0,17594,17594
near_jump,0,17591,17591,0,17599,17599
near_jump,0,17604,17604,0,17609,17609
near_jump,0,17606,17606,0,17624,17624
near_jump,0,18631,18631,0,18636,18636
near_jump,0,18633,18633,0,18644,18644
near_jump,0,18965,18965,0,18970,18970
near_jump,0,18967,18967,0,19016,19016
near_jump,0,18998,18998,0,19003,19003
near_jump,0,19000,19000,0,19016,19016
near_jump,0,19351,19351,0,19356,19356
near_jump,0,19353,19353,0,19364,19364
near_jump,0,19680,19680,0,19685,19685
near_jump,0,19682,19682,0,19731,19731
near_jump,0,19713,19713,0,19718,19718
near_jump,0,19715,19715,0,19731,19731
near_jump,0,20063,20063,0,20068,20068
near_jump,0,20065,20065,0,20074,20074
near_jump,0,20079,20079,0,20084,20084
near_jump,0,20081,20081,0,20119,20119
near_jump,0,20491,20491,0,20496,20496
near_jump,0,20493,20493,0,20508,20508
far_call,0,18330,18330,3106,22056,71752
far_call,0,18342,18342,3106,22924,72620
far_call,0,18354,18354,3106,9836,59532
near_jump,0,18362,18362,0,18369,18369
near_jump,0,18369,18369,0,18384,18384
near_jump,0,6700,6700,0,6705,6705
near_jump,0,6702,6702,0,6796,6796
near_jump,0,6633,6633,0,6895,6895
near_jump,0,13208,13208,0,13213,13213
near_jump,0,13210,13210,0,13232,13232
near_jump,0,13232,13232,0,13357,13357
near_jump,0,13333,13333,0,13338,13338
near_jump,0,13335,13335,0,13357,13357
far_call,0,13990,13990,5915,6618,101258
near_jump,0,14020,14020,0,14025,14025
near_jump,0,14022,14022,0,14033,14033
near_jump,0,14124,14124,0,14129,14129
near_jump,0,14126,14126,0,14134,14134
near_jump,0,22747,22747,0,22752,22752
near_jump,0,22749,22749,0,22764,22764
near_jump,0,23165,23165,0,23170,23170
near_jump,0,23167,23167,0,23352,23352
near_jump,0,23357,23357,0,23362,23362
near_jump,0,23359,23359,0,23381,23381
near_jump,0,23195,23195,0,23200,23200
near_jump,0,23197,23197,0,23256,23256
far_call,0,23064,23064,3106,2146,51842
far_call,0,23097,23097,3106,24624,74320
far_call,0,23133,23133,3106,24624,74320
near_jump,0,17614,17614,0,17619,17619
near_jump,0,17616,17616,0,17624,17624
near_jump,0,17628,17628,0,17633,17633
near_jump,0,17630,17630,0,17840,17840
near_jump,0,18639,18639,0,18644,18644
near_jump,0,18641,18641,0,18689,18689
near_jump,0,18672,18672,0,18677,18677
near_jump,0,18674,18674,0,18689,18689
near_jump,0,19025,19025,0,19030,19030
near_jump,0,19027,19027,0,19038,19038
near_jump,0,19359,19359,0,19364,19364
near_jump,0,19361,19361,0,19409,19409
near_jump,0,19392,19392,0,19397,19397
near_jump,0,19394,19394,0,19409,19409
near_jump,0,19740,19740,0,19745,19745
near_jump,0,19742,19742,0,19753,19753
near_jump,0,20108,20108,0,20113,20113
near_jump,0,20110,20110,0,20119,20119
near_jump,0,20124,20124,0,20129,20129
near_jump,0,20126,20126,0,20164,20164
far_call,0,20500,20500,3106,2146,51842
near_jump,0,6708,6708,0,6713,6713
near_jump,0,6710,6710,0,6530,6530
near_jump,0,6799,6799,0,6804,6804
near_jump,0,6801,6801,0,6678,6678
far_call,0,6903,6903,3106,32538,82234
near_jump,0,14030,14030,0,14038,14038
near_jump,0,14043,14043,0,14049,14049
far_call,0,14134,14134,5915,6534,101174
near_jump,0,14201,14201,0,14206,14206
near_jump,0,14203,14203,0,14220,14220
far_call,0,22756,22756,3106,2146,51842
near_jump,0,23367,23367,0,23372,23372
near_jump,0,23369,23369,0,23480,23480
near_jump,0,23392,23392,0,23397,23397
near_jump,0,23394,23394,0,23453,23453
far_call,0,23245,23245,3106,32538,82234
near_jump,0,23253,23253,0,23260,23260
near_jump,0,23266,23266,0,23271,23271
near_jump,0,23268,23268,0,23283,23283
far_call,0,17637,17637,3106,2146,51842
far_call,0,17686,17686,3106,24624,74320
near_jump,0,17747,17747,0,17752,17752
near_jump,0,17749,17749,0,17772,17772
near_jump,0,18698,18698,0,18703,18703
near_jump,0,18700,18700,0,18713,18713
near_jump,0,19033,19033,0,19038,19038
near_jump,0,19035,19035,0,19084,19084
near_jump,0,19066,19066,0,19071,19071
near_jump,0,19068,19068,0,19084,19084
near_jump,0,19418,19418,0,19423,19423
near_jump,0,19420,19420,0,19431,19431
near_jump,0,19748,19748,0,19753,19753
near_jump,0,19750,19750,0,19799,19799
near_jump,0,19781,19781,0,19786,19786
near_jump,0,19783,19783,0,19799,19799
near_jump,0,20153,20153,0,20158,20158
near_jump,0,20155,20155,0,20164,20164
near_jump,0,20169,20169,0,20174,20174
near_jump,0,20171,20171,0,20357,20357
near_jump,0,6713,6713,0,6718,6718
near_jump,0,6715,6715,0,6753,6753
near_jump,0,6544,6544,0,6895,6895
near_jump,0,6804,6804,0,6809,6809
near_jump,0,6806,6806,0,6852,6852
near_jump,0,6686,6686,0,6895,6895
near_jump,0,14053,14053,0,14058,14058
near_jump,0,14055,14055,0,14112,14112
near_jump,0,14231,14231,0,14236,14236
near_jump,0,14233,14233,0,14255,14255
near_jump,0,23376,23376,0,23381,23381
near_jump,0,23378,23378,0,23480,23480
near_jump,0,23485,23485,0,23490,23490
near_jump,0,23487,23487,0,23549,23549
far_call,0,23442,23442,3106,32538,82234
near_jump,0,23450,23450,0,23457,23457
near_jump,0,23463,23463,0,23468,23468
near_jump,0,23465,23465,0,23480,23480
far_call,0,23275,23275,3106,2146,51842
far_call,0,23308,23308,3106,24624,74320
far_call,0,23344,23344,3106,24624,74320
near_jump,0,17762,17762,0,17767,17767
near_jump,0,17764,17764,0,17772,17772
far_call,0,17787,17787,3106,24624,74320
far_call,0,17795,17795,5915,6534,101174
far_call,0,17807,17807,5915,6534,101174
far_call,0,17818,17818,5915,6534,101174
far_call,0,17829,17829,5915,6534,101174
near_jump,0,18708,18708,0,18713,18713
near_jump,0,18710,18710,0,18727,18727
near_jump,0,18722,18722,0,18727,18727
near_jump,0,18724,18724,0,18772,18772
near_jump,0,19093,19093,0,19098,19098
near_jump,0,19095,19095,0,19108,19108
near_jump,0,19426,19426,0,19431,19431
near_jump,0,19428,19428,0,19476,19476
near_jump,0,19459,19459,0,19464,19464
near_jump,0,19461,19461,0,19476,19476
near_jump,0,19808,19808,0,19813,19813
near_jump,0,19810,19810,0,19821,19821
near_jump,0,20198,20198,0,20203,20203
near_jump,0,20200,20200,0,20212,20212
near_jump,0,20362,20362,0,20367,20367
near_jump,0,20364,20364,0,20402,20402
near_jump,0,6721,6721,0,6726,6726
near_jump,0,6723,6723,0,6530,6530
near_jump,0,6756,6756,0,6761,6761
near_jump,0,6758,6758,0,6547,6547
near_jump,0,6812,6812,0,6817,6817
near_jump,0,6814,6814,0,6594,6594
near_jump,0,6855,6855,0,6860,6860
near_jump,0,6857,6857,0,6664,6664
near_jump,0,14075,14075,0,14080,14080
near_jump,0,14077,14077,0,14103,14103
near_jump,0,14278,14278,0,14283,14283
near_jump,0,14280,14280,0,14289,14289
near_jump,0,23495,23495,0,23500,23500
near_jump,0,23497,23497,0,23549,23549
near_jump,0,23554,23554,0,23559,23559
near_jump,0,23556,23556,0,23578,23578
far_call,0,23472,23472,3106,2146,51842
near_jump,0,18755,18755,0,18760,18760
near_jump,0,18757,18757,0,18772,18772
near_jump,0,18781,18781,0,18786,18786
near_jump,0,18783,18783,0,18794,18794
near_jump,0,19103,19103,0,19108,19108
near_jump,0,19105,19105,0,19122,19122
near_jump,0,19117,19117,0,19122,19122
near_jump,0,19119,19119,0,19168,19168
near_jump,0,19485,19485,0,19490,19490
near_jump,0,19487,19487,0,19500,19500
near_jump,0,19816,19816,0,19821,19821
near_jump,0,19818,19818,0,19867,19867
near_jump,0,19849,19849,0,19854,19854
near_jump,0,19851,19851,0,19867,19867
near_jump,0,20209,20209,0,20357,20357
far_call,0,20248,20248,3106,24624,74320
near_jump,0,20309,20309,0,20314,20314
near_jump,0,20311,20311,0,20334,20334
near_jump,0,20391,20391,0,20396,20396
near_jump,0,20393,20393,0,20402,20402
near_jump,0,20407,20407,0,20412,20412
near_jump,0,20409,20409,0,20423,20423
near_jump,0,6729,6729,0,6734,6734
near_jump,0,6731,6731,0,6577,6577
near_jump,0,6764,6764,0,6769,6769
near_jump,0,6766,6766,0,6594,6594
near_jump,0,6561,6561,0,6895,6895
near_jump,0,6820,6820,0,6825,6825
near_jump,0,6822,6822,0,6636,6636
near_jump,0,6605,6605,0,6895,6895
near_jump,0,6863,6863,0,6868,6868
near_jump,0,6865,6865,0,6664,6664
near_jump,0,6675,6675,0,6895,6895
near_jump,0,14080,14080,0,14085,14085
near_jump,0,14082,14082,0,14094,14094
near_jump,0,14109,14109,0,14046,14046
near_jump,0,14300,14300,0,14305,14305
near_jump,0,14302,14302,0,14317,14317
near_jump,0,23505,23505,0,23510,23510
near_jump,0,23507,23507,0,23549,23549
near_jump,0,23564,23564,0,23569,23569
near_jump,0,23566,23566,0,23667,23667
near_jump,0,23587,23587,0,23592,23592
near_jump,0,23589,23589,0,23598,23598
near_jump,0,18789,18789,0,18794,18794
near_jump,0,18791,18791,0,18839,18839
near_jump,0,18822,18822,0,18827,18827
near_jump,0,18824,18824,0,18839,18839
near_jump,0,19150,19150,0,19155,19155
near_jump,0,19152,19152,0,19168,19168
near_jump,0,19177,19177,0,19182,19182
near_jump,0,19179,19179,0,19190,19190
near_jump,0,19495,19495,0,19500,19500
near_jump,0,19497,19497,0,19514,19514
near_jump,0,19509,19509,0,19514,19514
near_jump,0,19511,19511,0,19559,19559
near_jump,0,19876,19876,0,19881,19881
near_jump,0,19878,19878,0,19891,19891
near_jump,0,20324,20324,0,20329,20329
near_jump,0,20326,20326,0,20334,20334
far_call,0,20349,20349,3106,24624,74320
near_jump,0,20418,20418,0,20423,20423
near_jump,0,20420,20420,0,20438,20438
far_call,0,20427,20427,3106,2146,51842
near_jump,0,20435,20435,0,20476,20476
near_jump,0,6737,6737,0,6742,6742
near_jump,0,6739,6739,0,6564,6564
near_jump,0,6591,6591,0,6895,6895
near_jump,0,6772,6772,0,6777,6777
near_jump,0,6774,6774,0,6594,6594
near_jump,0,6828,6828,0,6833,6833
near_jump,0,6830,6830,0,6650,6650
near_jump,0,6647,6647,0,6895,6895
near_jump,0,6871,6871,0,6876,6876
near_jump,0,6873,6873,0,6664,6664
near_jump,0,14089,14089,0,14094,14094
near_jump,0,14091,14091,0,14103,14103
near_jump,0,14100,14100,0,14109,14109
near_jump,0,14328,14328,0,14333,14333
near_jump,0,14330,14330,0,14422,14422
near_jump,0,23515,23515,0,23520,23520
near_jump,0,23517,23517,0,23540,23540
near_jump,0,23573,23573,0,23578,23578
near_jump,0,23575,23575,0,23667,23667
near_jump,0,23672,23672,0,23677,23677
near_jump,0,23674,23674,0,23696,23696
far_call,0,23623,23623,3106,24624,74320
far_call,0,23659,23659,3106,24624,74320
near_jump,0,19185,19185,0,19190,19190
near_jump,0,19187,19187,0,19236,19236
near_jump,0,19218,19218,0,19223,19223
near_jump,0,19220,19220,0,19236,19236
near_jump,0,19542,19542,0,19547,19547
near_jump,0,19544,19544,0,19559,19559
near_jump,0,19568,19568,0,19573,19573
near_jump,0,19570,19570,0,19581,19581
near_jump,0,19886,19886,0,19891,19891
near_jump,0,19888,19888,0,19905,19905
near_jump,0,19900,19900,0,19905,19905
near_jump,0,19902,19902,0,19951,19951
near_jump,0,20444,20444,0,20449,20449
near_jump,0,20446,20446,0,20464,20464
near_jump,0,6745,6745,0,6750,6750
near_jump,0,6747,6747,0,6594,6594
near_jump,0,6574,6574,0,6895,6895
near_jump,0,6780,6780,0,6785,6785
near_jump,0,6782,6782,0,6530,6530
near_jump,0,6836,6836,0,6841,6841
near_jump,0,6838,6838,0,6594,6594
near_jump,0,6661,6661,0,6895,6895
near_jump,0,6879,6879,0,6884,6884
near_jump,0,6881,6881,0,6594,6594
near_jump,0,14341,14341,0,14346,14346
near_jump,0,14343,14343,0,14361,14361
near_jump,0,14433,14433,0,14438,14438
near_jump,0,14435,14435,0,14450,14450
near_jump,0,23525,23525,0,23530,23530
near_jump,0,23527,23527,0,23540,23540
near_jump,0,23544,23544,0,23549,23549
near_jump,0,23546,23546,0,24016,24016
near_jump,0,23682,23682,0,23687,23687
near_jump,0,23684,23684,0,23785,23785
near_jump,0,23705,23705,0,23710,23710
near_jump,0,23707,23707,0,23716,23716
near_jump,0,19576,19576,0,19581,19581
near_jump,0,19578,19578,0,19626,19626
near_jump,0,19609,19609,0,19614,19614
near_jump,0,19611,19611,0,19626,19626
near_jump,0,19933,19933,0,19938,19938
near_jump,0,19935,19935,0,19951,19951
near_jump,0,19960,19960,0,19965,19965
near_jump,0,19962,19962,0,19973,19973
far_call,0,20453,20453,3106,2146,51842
near_jump,0,20461,20461,0,20476,20476
far_call,0,20468,20468,3106,2146,51842
near_jump,0,6750,6750,0,6895,6895
near_jump,0,6788,6788,0,6793,6793
near_jump,0,6790,6790,0,6608,6608
near_jump,0,6844,6844,0,6849,6849
near_jump,0,6846,6846,0,6564,6564
near_jump,0,6887,6887,0,6892,6892
near_jump,0,6889,6889,0,6577,6577
near_jump,0,14358,14358,0,14422,14422
near_jump,0,14369,14369,0,14374,14374
near_jump,0,14371,14371,0,14398,14398
near_jump,0,14461,14461,0,14466,14466
near_jump,0,14463,14463,0,14478,14478
near_jump,0,23535,23535,0,23540,23540
near_jump,0,23537,23537,0,24016,24016
near_jump,0,24021,24021,0,24026,24026
near_jump,0,24023,24023,0,24036,24036
near_jump,0,23691,23691,0,23696,23696
near_jump,0,23693,23693,0,23785,23785
near_jump,0,23790,23790,0,23795,23795
near_jump,0,23792,23792,0,23814,23814
far_call,0,23741,23741,3106,24624,74320
far_call,0,23777,23777,3106,24624,74320
near_jump,0,19968,19968,0,19973,19973
near_jump,0,19970,19970,0,20019,20019
near_jump,0,20001,20001,0,20006,20006
near_jump,0,20003,20003,0,20019,20019
near_jump,0,6793,6793,0,6895,6895
near_jump,0,6619,6619,0,6895,6895
near_jump,0,6849,6849,0,6895,6895
near_jump,0,6892,6892,0,6895,6895
far_call,0,14374,14374,5915,6534,101174
near_jump,0,14395,14395,0,14422,14422
far_call,0,14398,14398,5915,6534,101174
near_jump,0,14489,14489,0,14494,14494
near_jump,0,14491,14491,0,14506,14506
near_jump,0,24031,24031,0,24036,24036
near_jump,0,24033,24033,0,24310,24310
near_jump,0,24042,24042,0,24047,24047
near_jump,0,24044,24044,0,24059,24059
near_jump,0,23800,23800,0,23805,23805
near_jump,0,23802,23802,0,23903,23903
near_jump,0,23823,23823,0,23828,23828
near_jump,0,23825,23825,0,23834,23834
near_jump,0,14517,14517,0,14522,14522
near_jump,0,14519,14519,0,14533,14533
near_jump,0,24315,24315,0,24320,24320
near_jump,0,24317,24317,0,24339,24339
far_call,0,24051,24051,3106,2146,51842
near_jump,0,24090,24090,0,24095,24095
near_jump,0,24092,24092,0,24111,24111
near_jump,0,23809,23809,0,23814,23814
near_jump,0,23811,23811,0,23903,23903
near_jump,0,23908,23908,0,23913,23913
near_jump,0,23910,23910,0,23933,23933
far_call,0,23859,23859,3106,24624,74320
far_call,0,23895,23895,3106,24624,74320
near_jump,0,14528,14528,0,14533,14533
near_jump,0,14530,14530,0,14545,14545
near_jump,0,24325,24325,0,24330,24330
near_jump,0,24327,24327,0,24592,24592
near_jump,0,24349,24349,0,24354,24354
near_jump,0,24351,24351,0,24360,24360
near_jump,0,24116,24116,0,24121,24121
near_jump,0,24118,24118,0,24137,24137
near_jump,0,23918,23918,0,23923,23923
near_jump,0,23920,23920,0,23933,23933
far_call,0,23978,23978,3106,32538,82234
near_jump,0,23986,23986,0,23993,23993
near_jump,0,24334,24334,0,24339,24339
near_jump,0,24336,24336,0,24592,24592
near_jump,0,24597,24597,0,24602,24602
near_jump,0,24599,24599,0,24621,24621
near_jump,0,24366,24366,0,24371,24371
near_jump,0,24368,24368,0,24383,24383
near_jump,0,24143,24143,0,24148,24148
near_jump,0,24145,24145,0,24154,24154
near_jump,0,23928,23928,0,23933,23933
near_jump,0,23930,23930,0,23989,23989
near_jump,0,23999,23999,0,24004,24004
near_jump,0,24001,24001,0,24016,24016
near_jump,0,24607,24607,0,24612,24612
near_jump,0,24609,24609,0,24758,24758
near_jump,0,24630,24630,0,24635,24635
near_jump,0,24632,24632,0,24691,24691
far_call,0,24375,24375,3106,2146,51842
near_jump,0,24388,24388,0,24393,24393
near_jump,0,24390,24390,0,24448,24448
far_call,0,24162,24162,3106,32538,82234
far_call,0,24201,24201,3106,24624,74320
near_jump,0,24262,24262,0,24267,24267
near_jump,0,24264,24264,0,24287,24287
far_call,0,24008,24008,3106,2146,51842
near_jump,0,24616,24616,0,24621,24621
near_jump,0,24618,24618,0,24758,24758
near_jump,0,24763,24763,0,24768,24768
near_jump,0,24765,24765,0,24787,24787
far_call,0,24680,24680,3106,32538,82234
near_jump,0,24688,24688,0,24695,24695
near_jump,0,24701,24701,0,24706,24706
near_jump,0,24703,24703,0,24718,24718
far_call,0,24437,24437,3106,32538,82234
near_jump,0,24445,24445,0,24452,24452
far_call,0,24483,24483,3106,24624,74320
near_jump,0,24544,24544,0,24549,24549
near_jump,0,24546,24546,0,24569,24569
near_jump,0,24277,24277,0,24282,24282
near_jump,0,24279,24279,0,24287,24287
far_call,0,24302,24302,3106,24624,74320
near_jump,0,24773,24773,0,24778,24778
near_jump,0,24775,24775,0,24924,24924
near_jump,0,24796,24796,0,24801,24801
near_jump,0,24798,24798,0,24880,24880
far_call,0,24710,24710,3106,2146,51842
far_call,0,24750,24750,2065,14632,47672
near_jump,0,24559,24559,0,24564,24564
near_jump,0,24561,24561,0,24569,24569
far_call,0,24584,24584,3106,24624,74320
near_jump,0,24782,24782,0,24787,24787
near_jump,0,24784,24784,0,24924,24924
near_jump,0,24929,24929,0,24934,24934
near_jump,0,24931,24931,0,25610,25610
far_call,0,24846,24846,3106,32538,82234
near_jump,0,24860,24860,0,24865,24865
near_jump,0,24862,24862,0,24877,24877
far_call,0,24916,24916,2065,14632,47672
near_jump,0,24939,24939,0,24944,24944
near_jump,0,24941,24941,0,25607,25607
near_jump,0,25621,25621,0,25626,25626
near_jump,0,25623,25623,0,25745,25745
far_call,0,24869,24869,3106,2146,51842
near_jump,0,24877,24877,0,24884,24884
near_jump,0,24954,24954,0,24960,24960
near_jump,0,25607,25607,0,25615,25615
near_jump,0,25631,25631,0,25636,25636
near_jump,0,25633,25633,0,25679,25679
near_jump,0,25756,25756,0,25761,25761
near_jump,0,25758,25758,0,25943,25943
near_jump,0,24967,24967,0,24972,24972
near_jump,0,24969,24969,0,25005,25005
near_jump,0,25650,25650,0,25655,25655
near_jump,0,25652,25652,0,25661,25661
near_jump,0,25684,25684,0,25689,25689
near_jump,0,25686,25686,0,25745,25745
near_jump,0,25761,25761,0,25766,25766
near_jump,0,25763,25763,0,25775,25775
near_jump,0,25954,25954,0,25959,25959
near_jump,0,25956,25956,0,26141,26141
near_jump,0,24982,24982,0,24987,24987
near_jump,0,24984,24984,0,25002,25002
near_jump,0,25009,25009,0,25014,25014
near_jump,0,25011,25011,0,25473,25473
far_call,0,25665,25665,3106,22056,71752
near_jump,0,25703,25703,0,25708,25708
near_jump,0,25705,25705,0,25714,25714
near_jump,0,25770,25770,0,25775,25775
near_jump,0,25772,25772,0,25943,25943
near_jump,0,25786,25786,0,25791,25791
near_jump,0,25788,25788,0,25909,25909
near_jump,0,25959,25959,0,25964,25964
near_jump,0,25961,25961,0,25973,25973
near_jump,0,26152,26152,0,26157,26157
near_jump,0,26154,26154,0,26590,26590
near_jump,0,24994,24994,0,24999,24999
near_jump,0,24996,24996,0,25002,25002
near_jump,0,25002,25002,0,24957,24957
near_jump,0,25024,25024,0,25029,25029
near_jump,0,25026,25026,0,25034,25034
near_jump,0,25483,25483,0,25488,25488
near_jump,0,25485,25485,0,25607,25607
near_jump,0,25719,25719,0,25724,25724
near_jump,0,25721,25721,0,25730,25730
near_jump,0,25791,25791,0,25796,25796
near_jump,0,25793,25793,0,25805,25805
far_call,0,25935,25935,2065,14632,47672
near_jump,0,25968,25968,0,25973,25973
near_jump,0,25970,25970,0,26141,26141
near_jump,0,25984,25984,0,25989,25989
near_jump,0,25986,25986,0,26107,26107
near_jump,0,26157,26157,0,26162,26162
near_jump,0,26159,26159,0,26171,26171
near_jump,0,26601,26601,0,26606,26606
near_jump,0,26603,26603,0,27039,27039
near_jump,0,25039,25039,0,25044,25044
near_jump,0,25041,25041,0,25057,25057
near_jump,0,25492,25492,0,25497,25497
near_jump,0,25494,25494,0,25607,25607
far_call,0,25737,25737,3106,22056,71752
near_jump,0,25800,25800,0,25805,25805
near_jump,0,25802,25802,0,25909,25909
near_jump,0,25815,25815,0,25820,25820
near_jump,0,25817,25817,0,25906,25906
near_jump,0,25989,25989,0,25994,25994
near_jump,0,25991,25991,0,26003,26003
far_call,0,26133,26133,2065,14632,47672
near_jump,0,26166,26166,0,26171,26171
near_jump,0,26168,26168,0,26590,26590
near_jump,0,26182,26182,0,26187,26187
near_jump,0,26184,26184,0,26553,26553
near_jump,0,26606,26606,0,26611,26611
near_jump,0,26608,26608,0,26620,26620
near_jump,0,27044,27044,0,27049,27049
near_jump,0,27046,27046,0,27068,27068
near_jump,0,25048,25048,0,25053,25053
near_jump,0,25050,25050,0,25057,25057
near_jump,0,25062,25062,0,25068,25068
near_jump,0,25502,25502,0,25507,25507
near_jump,0,25504,25504,0,25575,25575
near_jump,0,25820,25820,0,25825,25825
near_jump,0,25822,25822,0,25834,25834
near_jump,0,25906,25906,0,25943,25943
near_jump,0,25998,25998,0,26003,26003
near_jump,0,26000,26000,0,26107,26107
near_jump,0,26013,26013,0,26018,26018
near_jump,0,26015,26015,0,26104,26104
near_jump,0,26187,26187,0,26192,26192
near_jump,0,26189,26189,0,26201,26201
far_call,0,26582,26582,2065,14632,47672
near_jump,0,26615,26615,0,26620,26620
near_jump,0,26617,26617,0,27039,27039
near_jump,0,26631,26631,0,26636,26636
near_jump,0,26633,26633,0,27002,27002
near_jump,0,27054,27054,0,27059,27059
near_jump,0,27056,27056,0,27252,27252
near_jump,0,27079,27079,0,27084,27084
near_jump,0,27081,27081,0,27114,27114
near_jump,0,25074,25074,0,25079,25079
near_jump,0,25076,25076,0,25373,25373
far_call,0,25511,25511,3106,19830,69526
near_jump,0,25524,25524,0,25529,25529
near_jump,0,25526,25526,0,25568,25568
near_jump,0,25829,25829,0,25834,25834
near_jump,0,25831,25831,0,25906,25906
near_jump,0,25853,25853,0,25858,25858
near_jump,0,25855,25855,0,25906,25906
near_jump,0,26018,26018,0,26023,26023
near_jump,0,26020,26020,0,26032,26032
near_jump,0,26104,26104,0,26141,26141
near_jump,0,26196,26196,0,26201,26201
near_jump,0,26198,26198,0,26553,26553
near_jump,0,26211,26211,0,26216,26216
near_jump,0,26213,26213,0,26550,26550
near_jump,0,26636,26636,0,26641,26641
near_jump,0,26638,26638,0,26650,26650
far_call,0,27031,27031,2065,14632,47672
near_jump,0,27063,27063,0,27068,27068
near_jump,0,27065,27065,0,27252,27252
near_jump,0,27257,27257,0,27262,27262
near_jump,0,27259,27259,0,27281,27281
near_jump,0,27084,27084,0,27089,27089
near_jump,0,27086,27086,0,27098,27098
near_jump,0,27130,27130,0,27135,27135
near_jump,0,27132,27132,0,27191,27191
near_jump,0,25090,25090,0,25095,25095
near_jump,0,25092,25092,0,25370,25370
near_jump,0,25450,25450,0,25455,25455
near_jump,0,25452,25452,0,25467,25467
far_call,0,25533,25533,3106,22056,71752
far_call,0,25545,25545,3106,22924,72620
far_call,0,25557,25557,3106,9836,59532
near_jump,0,25565,25565,0,25572,25572
near_jump,0,25572,25572,0,25607,25607
near_jump,0,25861,25861,0,25866,25866
near_jump,0,25863,25863,0,25906,25906
near_jump,0,26027,26027,0,26032,26032
near_jump,0,26029,26029,0,26104,26104
near_jump,0,26051,26051,0,26056,26056
near_jump,0,26053,26053,0,26104,26104
near_jump,0,26216,26216,0,26221,26221
near_jump,0,26218,26218,0,26230,26230
near_jump,0,26550,26550,0,26590,26590
near_jump,0,26645,26645,0,26650,26650
near_jump,0,26647,26647,0,27002,27002
near_jump,0,26660,26660,0,26665,26665
near_jump,0,26662,26662,0,26999,26999
near_jump,0,27267,27267,0,27272,27272
near_jump,0,27269,27269,0,27465,27465
near_jump,0,27292,27292,0,27297,27297
near_jump,0,27294,27294,0,27327,27327
near_jump,0,27093,27093,0,27098,27098
near_jump,0,27095,27095,0,27114,27114
near_jump,0,27111,27111,0,27125,27125
far_call,0,27180,27180,3106,32538,82234
near_jump,0,27188,27188,0,27195,27195
near_jump,0,27201,27201,0,27206,27206
near_jump,0,27203,27203,0,27218,27218
near_jump,0,25102,25102,0,25107,25107
near_jump,0,25104,25104,0,25124,25124
near_jump,0,25370,25370,0,25065,25065
far_call,0,25459,25459,3106,2146,51842
far_call,0,25898,25898,2065,14632,47672
near_jump,0,26059,26059,0,26064,26064
near_jump,0,26061,26061,0,26104,26104
near_jump,0,26225,26225,0,26230,26230
near_jump,0,26227,26227,0,26550,26550
near_jump,0,26265,26265,0,26270,26270
near_jump,0,26267,26267,0,26550,26550
near_jump,0,26665,26665,0,26670,26670
near_jump,0,26667,26667,0,26679,26679
near_jump,0,26999,26999,0,27039,27039
near_jump,0,27276,27276,0,27281,27281
near_jump,0,27278,27278,0,27465,27465
near_jump,0,27470,27470,0,27475,27475
near_jump,0,27472,27472,0,27494,27494
near_jump,0,27297,27297,0,27302,27302
near_jump,0,27299,27299,0,27311,27311
near_jump,0,27343,27343,0,27348,27348
near_jump,0,27345,27345,0,27404,27404
far_call,0,27210,27210,3106,2146,51842
far_call,0,27244,27244,2065,14632,47672
near_jump,0,25121,25121,0,25144,25144
near_jump,0,25156,25156,0,25161,25161
near_jump,0,25158,25158,0,25178,25178
far_call,0,26096,26096,2065,14632,47672
near_jump,0,26273,26273,0,26278,26278
near_jump,0,26275,26275,0,26550,26550
near_jump,0,26674,26674,0,26679,26679
near_jump,0,26676,26676,0,26999,26999
near_jump,0,26714,26714,0,26719,26719
near_jump,0,26716,26716,0,26999,26999
near_jump,0,27480,27480,0,27485,27485
near_jump,0,27482,27482,0,27681,27681
near_jump,0,27505,27505,0,27510,27510
near_jump,0,27507,27507,0,27540,27540
near_jump,0,27306,27306,0,27311,27311
near_jump,0,27308,27308,0,27327,27327
near_jump,0,27324,27324,0,27338,27338
far_call,0,27393,27393,3106,32538,82234
near_jump,0,27401,27401,0,27408,27408
near_jump,0,27414,27414,0,27419,27419
near_jump,0,27416,27416,0,27431,27431
near_jump,0,25175,25175,0,25198,25198
near_jump,0,25202,25202,0,25207,25207
near_jump,0,25204,25204,0,25370,25370
near_jump,0,26281,26281,0,26286,26286
near_jump,0,26283,26283,0,26320,26320
near_jump,0,26722,26722,0,26727,26727
near_jump,0,26724,26724,0,26999,26999
near_jump,0,27489,27489,0,27494,27494
near_jump,0,27491,27491,0,27681,27681
near_jump,0,27686,27686,0,27691,27691
near_jump,0,27688,27688,0,27710,27710
near_jump,0,27510,27510,0,27515,27515
near_jump,0,27512,27512,0,27524,27524
near_jump,0,27556,27556,0,27561,27561
near_jump,0,27558,27558,0,27617,27617
far_call,0,27423,27423,3106,2146,51842
far_call,0,27457,27457,2065,14632,47672
near_jump,0,25207,25207,0,25212,25212
near_jump,0,25209,25209,0,25222,25222
far_call,0,26312,26312,2065,14632,47672
near_jump,0,26324,26324,0,26329,26329
near_jump,0,26326,26326,0,26363,26363
near_jump,0,26730,26730,0,26735,26735
near_jump,0,26732,26732,0,26769,26769
near_jump,0,27696,27696,0,27701,27701
near_jump,0,27698,27698,0,27897,27897
near_jump,0,27721,27721,0,27726,27726
near_jump,0,27723,27723,0,27756,27756
near_jump,0,27519,27519,0,27524,27524
near_jump,0,27521,27521,0,27540,27540
near_jump,0,27537,27537,0,27551,27551
far_call,0,27606,27606,3106,32538,82234
near_jump,0,27614,27614,0,27621,27621
near_jump,0,27627,27627,0,27632,27632
near_jump,0,27629,27629,0,27644,27644
near_jump,0,25217,25217,0,25222,25222
near_jump,0,25219,25219,0,25370,25370
far_call,0,26355,26355,2065,14632,47672
near_jump,0,26367,26367,0,26372,26372
near_jump,0,26369,26369,0,26409,26409
far_call,0,26761,26761,2065,14632,47672
near_jump,0,26773,26773,0,26778,26778
near_jump,0,26775,26775,0,26812,26812
near_jump,0,27705,27705,0,27710,27710
near_jump,0,27707,27707,0,27897,27897
near_jump,0,27902,27902,0,27907,27907
near_jump,0,27904,27904,0,28168,28168
near_jump,0,27726,27726,0,27731,27731
near_jump,0,27728,27728,0,27740,27740
near_jump,0,27772,27772,0,27777,27777
near_jump,0,27774,27774,0,27833,27833
far_call,0,27636,27636,3106,2146,51842
far_call,0,27673,27673,2065,14632,47672
far_call,0,26401,26401,2065,14632,47672
near_jump,0,26413,26413,0,26418,26418
near_jump,0,26415,26415,0,26455,26455
far_call,0,26804,26804,2065,14632,47672
near_jump,0,26816,26816,0,26821,26821
near_jump,0,26818,26818,0,26858,26858
near_jump,0,27918,27918,0,27923,27923
near_jump,0,27920,27920,0,27953,27953
near_jump,0,28173,28173,0,28178,28178
near_jump,0,28175,28175,0,28615,28615
near_jump,0,27735,27735,0,27740,27740
near_jump,0,27737,27737,0,27756,27756
near_jump,0,27753,27753,0,27767,27767
far_call,0,27822,27822,3106,32538,82234
near_jump,0,27830,27830,0,27837,27837
near_jump,0,27843,27843,0,27848,27848
near_jump,0,27845,27845,0,27860,27860
far_call,0,26447,26447,2065,14632,47672
near_jump,0,26459,26459,0,26464,26464
near_jump,0,26461,26461,0,26501,26501
far_call,0,26850,26850,2065,14632,47672
near_jump,0,26862,26862,0,26867,26867
near_jump,0,26864,26864,0,26904,26904
near_jump,0,27923,27923,0,27928,27928
near_jump,0,27925,27925,0,27937,27937
near_jump,0,27975,27975,0,27980,27980
near_jump,0,27977,27977,0,28010,28010
near_jump,0,28189,28189,0,28194,28194
near_jump,0,28191,28191,0,28224,28224
near_jump,0,28621,28621,0,28626,28626
near_jump,0,28623,28623,0,28989,28989
far_call,0,27852,27852,3106,2146,51842
far_call,0,27889,27889,2065,14632,47672
far_call,0,26493,26493,2065,14632,47672
near_jump,0,26505,26505,0,26510,26510
near_jump,0,26507,26507,0,26550,26550
far_call,0,26896,26896,2065,14632,47672
near_jump,0,26908,26908,0,26913,26913
near_jump,0,26910,26910,0,26950,26950
near_jump,0,27932,27932,0,27937,27937
near_jump,0,27934,27934,0,27953,27953
near_jump,0,27950,27950,0,27964,27964
near_jump,0,27980,27980,0,27985,27985
near_jump,0,27982,27982,0,27994,27994
near_jump,0,28053,28053,0,28058,28058
near_jump,0,28055,28055,0,28070,28070
near_jump,0,28194,28194,0,28199,28199
near_jump,0,28196,28196,0,28208,28208
near_jump,0,28246,28246,0,28251,28251
near_jump,0,28248,28248,0,28281,28281
near_jump,0,28631,28631,0,28636,28636
near_jump,0,28633,28633,0,28701,28701
near_jump,0,28994,28994,0,28999,28999
near_jump,0,28996,28996,0,29027,29027
far_call,0,26542,26542,2065,14632,47672
far_call,0,26942,26942,2065,14632,47672
near_jump,0,26954,26954,0,26959,26959
near_jump,0,26956,26956,0,26999,26999
near_jump,0,27989,27989,0,27994,27994
near_jump,0,27991,27991,0,28010,28010
near_jump,0,28007,28007,0,28021,28021
far_call,0,28062,28062,3106,2146,51842
far_call,0,28089,28089,3106,32538,82234
far_call,0,28126,28126,2065,14632,47672
far_call,0,28160,28160,2065,14632,47672
near_jump,0,28203,28203,0,28208,28208
near_jump,0,28205,28205,0,28224,28224
near_jump,0,28221,28221,0,28235,28235
near_jump,0,28251,28251,0,28256,28256
near_jump,0,28253,28253,0,28265,28265
near_jump,0,28303,28303,0,28308,28308
near_jump,0,28305,28305,0,28338,28338
near_jump,0,28641,28641,0,28646,28646
near_jump,0,28643,28643,0,28701,28701
near_jump,0,28706,28706,0,28711,28711
near_jump,0,28708,28708,0,28730,28730
near_jump,0,29003,29003,0,29008,29008
near_jump,0,29005,29005,0,29027,29027
far_call,0,29031,29031,3106,15908,65604
near_jump,0,29044,29044,0,29049,29049
near_jump,0,29046,29046,0,29502,29502
far_call,0,26991,26991,2065,14632,47672
near_jump,0,28260,28260,0,28265,28265
near_jump,0,28262,28262,0,28281,28281
near_jump,0,28278,28278,0,28292,28292
near_jump,0,28308,28308,0,28313,28313
near_jump,0,28310,28310,0,28322,28322
near_jump,0,28360,28360,0,28365,28365
near_jump,0,28362,28362,0,28395,28395
near_jump,0,28651,28651,0,28656,28656
near_jump,0,28653,28653,0,28701,28701
near_jump,0,28715,28715,0,28720,28720
near_jump,0,28717,28717,0,28730,28730
near_jump,0,28741,28741,0,28746,28746
near_jump,0,28743,28743,0,28776,28776
near_jump,0,29013,29013,0,29018,29018
near_jump,0,29015,29015,0,29538,29538
near_jump,0,29054,29054,0,29059,29059
near_jump,0,29056,29056,0,29096,29096
far_call,0,29506,29506,3106,22056,71752
far_call,0,29518,29518,3106,22924,72620
far_call,0,29530,29530,3106,9836,59532
near_jump,0,29544,29544,0,29549,29549
near_jump,0,29546,29546,0,29783,29783
near_jump,0,28317,28317,0,28322,28322
near_jump,0,28319,28319,0,28338,28338
near_jump,0,28335,28335,0,28349,28349
near_jump,0,28365,28365,0,28370,28370
near_jump,0,28367,28367,0,28379,28379
near_jump,0,28438,28438,0,28443,28443
near_jump,0,28440,28440,0,28455,28455
near_jump,0,28661,28661,0,28666,28666
near_jump,0,28663,28663,0,28701,28701
far_call,0,28768,28768,3106,32538,82234
near_jump,0,28781,28781,0,28786,28786
near_jump,0,28783,28783,0,28818,28818
near_jump,0,29022,29022,0,29027,29027
near_jump,0,29024,29024,0,29538,29538
near_jump,0,29064,29064,0,29069,29069
near_jump,0,29066,29066,0,29084,29084
near_jump,0,29101,29101,0,29106,29106
near_jump,0,29103,29103,0,29121,29121
near_jump,0,29554,29554,0,29559,29559
near_jump,0,29556,29556,0,29720,29720
near_jump,0,29794,29794,0,29799,29799
near_jump,0,29796,29796,0,30504,30504
near_jump,0,28374,28374,0,28379,28379
near_jump,0,28376,28376,0,28395,28395
near_jump,0,28392,28392,0,28406,28406
far_call,0,28447,28447,3106,2146,51842
far_call,0,28474,28474,3106,32538,82234
far_call,0,28508,28508,2065,14632,47672
far_call,0,28539,28539,2065,14632,47672
far_call,0,28573,28573,2065,14632,47672
far_call,0,28607,28607,2065,14632,47672
near_jump,0,28677,28677,0,28682,28682
near_jump,0,28679,28679,0,28701,28701
near_jump,0,28823,28823,0,28828,28828
near_jump,0,28825,28825,0,28860,28860
far_call,0,29073,29073,3106,2146,51842
near_jump,0,29081,29081,0,29096,29096
far_call,0,29088,29088,3106,2146,51842
far_call,0,29110,29110,3106,13912,63608
near_jump,0,29118,29118,0,29133,29133
far_call,0,29125,29125,3106,13912,63608
far_call,0,29133,29133,3106,15326,65022
near_jump,0,29143,29143,0,29148,29148
near_jump,0,29145,29145,0,29160,29160
near_jump,0,29570,29570,0,29575,29575
near_jump,0,29572,29572,0,29720,29720
near_jump,0,29729,29729,0,29734,29734
near_jump,0,29731,29731,0,29783,29783
near_jump,0,29804,29804,0,29809,29809
near_jump,0,29806,29806,0,29817,29817
near_jump,0,30509,30509,0,30514,30514
near_jump,0,30511,30511,0,30519,30519
near_jump,0,28687,28687,0,28692,28692
near_jump,0,28689,28689,0,28989,28989
near_jump,0,28865,28865,0,28870,28870
near_jump,0,28867,28867,0,28902,28902
far_call,0,29148,29148,3106,28588,78284
near_jump,0,29157,29157,0,29164,29164
near_jump,0,29169,29169,0,29174,29174
near_jump,0,29171,29171,0,29187,29187
near_jump,0,29575,29575,0,29580,29580
near_jump,0,29577,29577,0,29589,29589
near_jump,0,29738,29738,0,29743,29743
near_jump,0,29740,29740,0,29783,29783
near_jump,0,29814,29814,0,29822,29822
far_call,0,29830,29830,5915,5632,100272
far_call,0,29855,29855,5915,5244,99884
far_call,0,29873,29873,3106,24624,74320
far_call,0,29914,29914,5915,6618,101258
far_call,0,29921,29921,3106,31346,81042
near_jump,0,29965,29965,0,29970,29970
near_jump,0,29967,29967,0,29984,29984
far_call,0,30514,30514,3106,33204,82900
near_jump,0,30526,30526,0,30531,30531
near_jump,0,30528,30528,0,31074,31074
near_jump,0,28696,28696,0,28701,28701
near_jump,0,28698,28698,0,28989,28989
near_jump,0,28907,28907,0,28912,28912
near_jump,0,28909,28909,0,28944,28944
near_jump,0,29178,29178,0,29183,29183
near_jump,0,29180,29180,0,29187,29187
far_call,0,29187,29187,3106,15908,65604
far_call,0,29192,29192,3106,4,49700
far_call,0,29276,29276,2065,14632,47672
far_call,0,29315,29315,3106,24624,74320
near_jump,0,29362,29362,0,29367,29367
near_jump,0,29364,29364,0,29372,29372
near_jump,0,29584,29584,0,29589,29589
near_jump,0,29586,29586,0,29720,29720
near_jump,0,29593,29593,0,29598,29598
near_jump,0,29595,29595,0,29720,29720
far_call,0,29749,29749,3106,3600,53296
far_call,0,29770,29770,3106,2146,51842
far_call,0,29778,29778,3106,15908,65604
near_jump,0,29973,29973,0,29978,29978
near_jump,0,29975,29975,0,29984,29984
near_jump,0,29989,29989,0,29995,29995
far_call,0,30535,30535,3106,22056,71752
far_call,0,30547,30547,3106,13912,63608
far_call,0,30555,30555,3106,15326,65022
far_call,0,30564,30564,3106,25120,74816
near_jump,0,30588,30588,0,30593,30593
near_jump,0,30590,30590,0,30847,30847
near_jump,0,31085,31085,0,31090,31090
near_jump,0,31087,31087,0,31155,31155
near_jump,0,28950,28950,0,28955,28955
near_jump,0,28952,28952,0,28961,28961
far_call,0,29387,29387,3106,24624,74320
far_call,0,29469,29469,3106,32538,82234
far_call,0,29485,29485,3106,32854,82550
near_jump,0,29499,29499,0,29538,29538
near_jump,0,29598,29598,0,29603,29603
near_jump,0,29600,29600,0,29612,29612
near_jump,0,29981,29981,0,29957,29957
near_jump,0,29999,29999,0,30004,30004
near_jump,0,30001,30001,0,30021,30021
near_jump,0,30598,30598,0,30603,30603
near_jump,0,30600,30600,0,30847,30847
far_call,0,30894,30894,3106,32538,82234
far_call,0,30910,30910,3106,32854,82550
far_call,0,30918,30918,3106,15908,65604
far_call,0,30981,30981,3106,13912,63608
near_jump,0,30994,30994,0,31001,31001
near_jump,0,31101,31101,0,31106,31106
near_jump,0,31103,31103,0,31144,31144
near_jump,0,31166,31166,0,31171,31171
near_jump,0,31168,31168,0,32264,32264
far_call,0,28961,28961,3106,3600,53296
near_jump,0,28972,28972,0,28977,28977
near_jump,0,28974,28974,0,28989,28989
near_jump,0,29607,29607,0,29612,29612
near_jump,0,29609,29609,0,29720,29720
near_jump,0,29628,29628,0,29633,29633
near_jump,0,29630,29630,0,29684,29684
near_jump,0,30018,30018,0,29992,29992
far_call,0,30025,30025,5915,5244,99884
near_jump,0,30036,30036,0,30042,30042
near_jump,0,30608,30608,0,30613,30613
near_jump,0,30610,30610,0,30847,30847
near_jump,0,31005,31005,0,31010,31010
near_jump,0,31007,31007,0,31037,31037
near_jump,0,31111,31111,0,31116,31116
near_jump,0,31113,31113,0,31144,31144
near_jump,0,31176,31176,0,31181,31181
near_jump,0,31178,31178,0,32232,32232
near_jump,0,32269,32269,0,32274,32274
near_jump,0,32271,32271,0,32302,32302
far_call,0,28981,28981,3106,2146,51842
far_call,0,29639,29639,3106,3600,53296
far_call,0,29650,29650,5915,6534,101174
far_call,0,29668,29668,3106,2146,51842
far_call,0,29676,29676,3106,15908,65604
near_jump,0,29681,29681,0,29720,29720
far_call,0,29684,29684,3106,3600,53296
far_call,0,29689,29689,5915,6534,101174
far_call,0,29712,29712,3106,2146,51842
near_jump,0,30046,30046,0,30051,30051
near_jump,0,30048,30048,0,30065,30065
near_jump,0,30618,30618,0,30623,30623
near_jump,0,30620,30620,0,30847,30847
near_jump,0,31016,31016,0,31013,31013
near_jump,0,31021,31021,0,31018,31018
far_call,0,31026,31026,3106,22056,71752
near_jump,0,31034,31034,0,30997,30997
far_call,0,31037,31037,3106,15326,65022
far_call,0,31120,31120,5915,5722,100362
far_call,0,31136,31136,5915,5736,100376
near_jump,0,31181,31181,0,31186,31186
near_jump,0,31183,31183,0,31196,31196
near_jump,0,32274,32274,0,32279,32279
near_jump,0,32276,32276,0,32289,32289
far_call,0,32356,32356,5915,6822,101462
near_jump,0,32363,32363,0,32368,32368
near_jump,0,32365,32365,0,32396,32396
near_jump,0,30062,30062,0,30039,30039
far_call,0,30069,30069,5915,5244,99884
near_jump,0,30119,30119,0,30124,30124
near_jump,0,30121,30121,0,30132,30132
near_jump,0,30634,30634,0,30639,30639
near_jump,0,30636,30636,0,30647,30647
near_jump,0,31191,31191,0,31196,31196
near_jump,0,31193,31193,0,32232,32232
far_call,0,31196,31196,3106,33874,83570
near_jump,0,31207,31207,0,31212,31212
near_jump,0,31209,31209,0,32156,32156
near_jump,0,32284,32284,0,32289,32289
near_jump,0,32286,32286,0,32302,32302
near_jump,0,32299,32299,0,32316,32316
near_jump,0,32368,32368,0,32373,32373
near_jump,0,32370,32370,0,32380,32380
near_jump,0,32402,32402,0,183,183
near_jump,0,30129,30129,0,30137,30137
far_call,0,30154,30154,5915,5244,99884
far_call,0,30172,30172,3106,24624,74320
near_jump,0,30199,30199,0,30204,30204
near_jump,0,30201,30201,0,30256,30256
near_jump,0,30652,30652,0,30657,30657
near_jump,0,30654,30654,0,30670,30670
near_jump,0,31215,31215,0,31220,31220
near_jump,0,31217,31217,0,31661,31661
near_jump,0,32167,32167,0,32172,32172
near_jump,0,32169,32169,0,32201,32201
near_jump,0,32375,32375,0,32380,32380
near_jump,0,32377,32377,0,32396,32396
far_call,0,32388,32388,3106,32854,82550
near_jump,0,30209,30209,0,30216,30216
near_jump,0,30282,30282,0,30287,30287
near_jump,0,30284,30284,0,30398,30398
far_call,0,30710,30710,5915,6822,101462
far_call,0,30723,30723,5915,6494,101134
near_jump,0,30748,30748,0,30754,30754
far_call,0,31220,31220,3106,15908,65604
far_call,0,31229,31229,3106,22056,71752
near_jump,0,31253,31253,0,31258,31258
near_jump,0,31255,31255,0,31264,31264
near_jump,0,31665,31665,0,31670,31670
near_jump,0,31667,31667,0,31716,31716
near_jump,0,32172,32172,0,32177,32177
near_jump,0,32174,32174,0,32187,32187
near_jump,0,32206,32206,0,32211,32211
near_jump,0,32208,32208,0,32223,32223
near_jump,0,30220,30220,0,30225,30225
near_jump,0,30222,30222,0,30256,30256
near_jump,0,30292,30292,0,30297,30297
near_jump,0,30294,30294,0,30398,30398
near_jump,0,30403,30403,0,30408,30408
near_jump,0,30405,30405,0,30463,30463
near_jump,0,30758,30758,0,30763,30763
near_jump,0,30760,30760,0,30797,30797
near_jump,0,31269,31269,0,31274,31274
near_jump,0,31271,31271,0,31280,31280
near_jump,0,31675,31675,0,31680,31680
near_jump,0,31677,31677,0,31716,31716
near_jump,0,31720,31720,0,31725,31725
near_jump,0,31722,31722,0,32121,32121
near_jump,0,32182,32182,0,32187,32187
near_jump,0,32184,32184,0,32201,32201
far_call,0,32215,32215,3106,3464,53160
near_jump,0,32229,32229,0,32264,32264
near_jump,0,30231,30231,0,30228,30228
near_jump,0,30236,30236,0,30233,30233
far_call,0,30245,30245,3106,22056,71752
near_jump,0,30253,30253,0,30212,30212
near_jump,0,30302,30302,0,30307,30307
near_jump,0,30304,30304,0,30398,30398
near_jump,0,30413,30413,0,30420,30420
near_jump,0,30794,30794,0,30751,30751
near_jump,0,30803,30803,0,30800,30800
near_jump,0,30808,30808,0,30805,30805
near_jump,0,30815,30815,0,30821,30821
near_jump,0,31285,31285,0,31290,31290
near_jump,0,31287,31287,0,31296,31296
far_call,0,31684,31684,3106,22056,71752
far_call,0,31696,31696,3106,5420,55116
far_call,0,31708,31708,3106,22056,71752
near_jump,0,31730,31730,0,31735,31735
near_jump,0,31732,31732,0,32121,32121
near_jump,0,32153,32153,0,32162,32162
near_jump,0,30312,30312,0,30317,30317
near_jump,0,30314,30314,0,30398,30398
near_jump,0,30427,30427,0,30432,30432
near_jump,0,30429,30429,0,30463,30463
near_jump,0,30825,30825,0,30830,30830
near_jump,0,30827,30827,0,30844,30844
far_call,0,31302,31302,3106,4,49700
near_jump,0,31343,31343,0,31418,31418
near_jump,0,31740,31740,0,31745,31745
near_jump,0,31742,31742,0,32099,32099
near_jump,0,30322,30322,0,30327,30327
near_jump,0,30324,30324,0,30398,30398
near_jump,0,30438,30438,0,30435,30435
near_jump,0,30443,30443,0,30440,30440
far_call,0,30452,30452,3106,22056,71752
near_jump,0,30460,30460,0,30416,30416
near_jump,0,30841,30841,0,30818,30818
near_jump,0,30844,30844,0,30583,30583
near_jump,0,31421,31421,0,31426,31426
near_jump,0,31423,31423,0,31391,31391
near_jump,0,31751,31751,0,31757,31757
near_jump,0,32104,32104,0,32109,32109
near_jump,0,32106,32106,0,32121,32121
near_jump,0,30338,30338,0,30343,30343
near_jump,0,30340,30340,0,30351,30351
near_jump,0,31426,31426,0,31431,31431
near_jump,0,31428,31428,0,31448,31448
near_jump,0,31412,31412,0,31448,31448
near_jump,0,31764,31764,0,31769,31769
near_jump,0,31766,31766,0,31782,31782
far_call,0,32113,32113,3106,7868,57564
near_jump,0,30356,30356,0,30361,30361
near_jump,0,30358,30358,0,30374,30374
near_jump,0,31433,31433,0,31438,31438
near_jump,0,31435,31435,0,31346,31346
near_jump,0,31554,31554,0,31559,31559
near_jump,0,31556,31556,0,31565,31565
near_jump,0,31779,31779,0,31754,31754
far_call,0,31810,31810,2065,9746,42786
near_jump,0,31823,31823,0,31829,31829
near_jump,0,30395,30395,0,30276,30276
near_jump,0,31440,31440,0,31445,31445
near_jump,0,31442,31442,0,31364,31364
near_jump,0,31361,31361,0,31448,31448
near_jump,0,31585,31585,0,31590,31590
near_jump,0,31587,31587,0,31596,31596
near_jump,0,31834,31834,0,31839,31839
near_jump,0,31836,31836,0,31853,31853
near_jump,0,31445,31445,0,31448,31448
near_jump,0,31388,31388,0,31448,31448
far_call,0,31603,31603,3106,3464,53160
far_call,0,31656,31656,3106,25666,75362
near_jump,0,31850,31850,0,31826,31826
far_call,0,31869,31869,2065,9746,42786
near_jump,0,31882,31882,0,31888,31888
near_jump,0,31893,31893,0,31898,31898
near_jump,0,31895,31895,0,31912,31912
near_jump,0,31909,31909,0,31885,31885
far_call,0,31928,31928,2065,9746,42786
near_jump,0,31941,31941,0,31947,31947
near_jump,0,31952,31952,0,31957,31957
near_jump,0,31954,31954,0,31971,31971
near_jump,0,31968,31968,0,31944,31944
far_call,0,31987,31987,2065,9746,42786
near_jump,0,32000,32000,0,32006,32006
near_jump,0,32010,32010,0,32015,32015
near_jump,0,32012,32012,0,32026,32026
near_jump,0,32023,32023,0,32003,32003
far_call,0,32049,32049,3106,24624,74320
far_call,0,32080,32080,3106,24624,74320
far_call,0,32094,32094,3106,31680,81376
